Date,Time1,Tide1,Time2,Tide2,Time3,Tide3,Time4,Tide4,,
1/01/2026,1:51,1.2,8:37,3.7,14:42,1.1,20:44,3.8,,
2/01/2026,3:01,1,9:40,4,15:39,0.9,21:45,3.9,,
3/01/2026,4:05,0.9,10:34,4.2,16:31,0.7,22:43,4,,
4/01/2026,5:00,0.8,11:23,4.4,17:21,0.6,23:37,4.1,,
5/01/2026,5:50,0.7,12:07,4.4,18:08,0.6,,,,
6/01/2026,0:26,4.1,6:33,0.7,12:49,4.4,18:53,0.7,,
7/01/2026,1:12,4.1,7:14,0.7,13:30,4.3,19:37,0.8,,
8/01/2026,1:54,4,7:51,0.9,14:11,4.1,20:20,1,,
9/01/2026,2:35,3.8,8:29,1.1,14:53,3.9,21:04,1.1,,
10/01/2026,3:16,3.7,9:08,1.3,15:38,3.7,21:49,1.3,,
11/01/2026,4:00,3.5,9:55,1.5,16:29,3.5,22:39,1.4,,
12/01/2026,4:49,3.3,10:55,1.7,17:26,3.3,23:35,1.5,,
13/01/2026,5:51,3.2,12:14,1.8,18:29,3.3,,,,
14/01/2026,0:39,1.6,7:08,3.2,13:31,1.7,19:32,3.3,,
15/01/2026,1:46,1.6,8:22,3.3,14:30,1.6,20:32,3.3,,
16/01/2026,2:49,1.5,9:20,3.5,15:17,1.4,21:25,3.4,,
17/01/2026,3:42,1.3,10:04,3.7,15:58,1.3,22:13,3.6,,
18/01/2026,4:27,1.2,10:43,3.9,16:35,1.1,22:57,3.7,,
19/01/2026,5:06,1,11:18,4.1,17:11,1,23:37,3.8,,
20/01/2026,5:41,0.9,11:53,4.2,17:46,0.9,,,,
21/01/2026,0:16,3.9,6:15,0.8,12:27,4.3,18:23,0.8,,
22/01/2026,0:52,4,6:49,0.8,13:02,4.3,19:00,0.8,,
23/01/2026,1:29,4,7:23,0.8,13:39,4.2,19:39,0.8,,
24/01/2026,2:05,4,8:00,0.9,14:18,4.1,20:20,0.9,,
25/01/2026,2:44,3.9,8:41,1,15:02,4,21:05,1,,
26/01/2026,3:26,3.7,9:29,1.2,15:53,3.8,21:56,1.2,,
27/01/2026,4:17,3.6,10:32,1.4,16:54,3.6,22:55,1.3,,
28/01/2026,5:26,3.4,11:55,1.5,18:04,3.5,,,,
29/01/2026,0:09,1.4,6:59,3.4,13:22,1.4,19:19,3.5,,
30/01/2026,1:37,1.4,8:29,3.6,14:34,1.2,20:34,3.6,,
31/01/2026,3:00,1.3,9:36,3.9,15:33,1,21:42,3.8,,
1/02/2026,4:04,1,10:28,4.1,16:24,0.8,22:39,4,,
2/02/2026,4:55,0.8,11:12,4.3,17:10,0.7,23:28,4.1,,
3/02/2026,5:37,0.7,11:52,4.4,17:52,0.6,,,,
4/02/2026,0:11,4.2,6:14,0.6,12:30,4.4,18:32,0.7,,
5/02/2026,0:50,4.2,6:48,0.7,13:06,4.3,19:09,0.7,,
6/02/2026,1:26,4.1,7:20,0.8,13:41,4.2,19:45,0.9,,
7/02/2026,2:01,4,7:52,1,14:17,4,20:21,1,,
8/02/2026,2:35,3.8,8:25,1.2,14:55,3.7,20:59,1.2,,
9/02/2026,3:12,3.6,9:03,1.4,15:39,3.5,21:41,1.4,,
10/02/2026,3:54,3.4,9:53,1.7,16:30,3.3,22:32,1.6,,
11/02/2026,4:48,3.2,11:08,1.8,17:34,3.2,23:38,1.7,,
12/02/2026,6:08,3.1,12:46,1.9,18:47,3.1,,,,
13/02/2026,1:02,1.8,7:45,3.2,14:00,1.8,20:01,3.2,,
14/02/2026,2:22,1.7,8:55,3.4,14:53,1.5,21:05,3.3,,
15/02/2026,3:21,1.5,9:42,3.6,15:36,1.3,21:56,3.5,,
16/02/2026,4:06,1.2,10:21,3.9,16:14,1.1,22:40,3.8,,
17/02/2026,4:44,1,10:56,4.1,16:50,0.9,23:19,4,,
18/02/2026,5:19,0.8,11:30,4.3,17:26,0.8,23:55,4.1,,
19/02/2026,5:52,0.7,12:05,4.4,18:01,0.7,,,,
20/02/2026,0:31,4.2,6:25,0.6,12:40,4.4,18:38,0.6,,
21/02/2026,1:06,4.2,7:00,0.6,13:16,4.4,19:16,0.7,,
22/02/2026,1:41,4.2,7:36,0.7,13:56,4.2,19:56,0.8,,
23/02/2026,2:19,4.1,8:17,0.9,14:40,4,20:40,1,,
24/02/2026,3:01,3.9,9:05,1.2,15:31,3.8,21:30,1.2,,
25/02/2026,3:52,3.6,10:11,1.4,16:33,3.6,22:32,1.5,,
26/02/2026,5:05,3.4,11:46,1.6,17:48,3.4,23:56,1.6,,
27/02/2026,6:53,3.3,13:19,1.5,19:13,3.4,,,,
28/02/2026,1:39,1.6,8:28,3.5,14:28,1.3,20:33,3.5,,
1/03/2026,2:59,1.4,9:28,3.8,15:23,1.1,21:37,3.7,,
2/03/2026,3:55,1.1,10:14,4.1,16:09,0.9,22:27,4,,
3/03/2026,4:38,0.9,10:53,4.3,16:51,0.7,23:10,4.1,,
4/03/2026,5:15,0.7,11:29,4.4,17:29,0.7,23:47,4.2,,
5/03/2026,5:48,0.7,12:04,4.4,18:04,0.7,,,,
6/03/2026,0:22,4.3,6:18,0.7,12:37,4.3,18:38,0.8,,
7/03/2026,0:55,4.2,6:47,0.8,13:09,4.2,19:10,0.9,,
8/03/2026,1:27,4.1,7:17,1,13:43,4,19:44,1,,
9/03/2026,1:59,3.9,7:48,1.2,14:18,3.7,20:19,1.2,,
10/03/2026,2:33,3.7,8:23,1.4,14:58,3.5,20:59,1.4,,
11/03/2026,3:11,3.5,9:07,1.6,15:46,3.3,21:46,1.6,,
12/03/2026,3:59,3.3,10:15,1.8,16:48,3.1,22:49,1.8,,
13/03/2026,5:11,3.1,11:58,1.9,18:05,3.1,,,,
14/03/2026,0:15,1.9,6:56,3.1,13:22,1.8,19:27,3.1,,
15/03/2026,1:44,1.8,8:17,3.3,14:19,1.6,20:36,3.3,,
16/03/2026,2:47,1.5,9:08,3.6,15:03,1.3,21:29,3.6,,
17/03/2026,3:34,1.2,9:48,3.9,15:43,1.1,22:12,3.8,,
18/03/2026,4:13,1,10:25,4.2,16:21,0.8,22:51,4.1,,
19/03/2026,4:49,0.7,11:01,4.4,16:58,0.7,23:28,4.3,,
20/03/2026,5:24,0.6,11:37,4.5,17:36,0.6,,,,
21/03/2026,0:05,4.4,6:00,0.5,12:14,4.5,18:15,0.6,,
22/03/2026,0:42,4.4,6:36,0.5,12:54,4.4,18:55,0.6,,
23/03/2026,1:20,4.3,7:16,0.7,13:36,4.2,19:37,0.8,,
24/03/2026,2:00,4.1,8:00,0.9,14:24,4,20:24,1,,
25/03/2026,2:45,3.9,8:54,1.2,15:19,3.7,21:18,1.3,,
26/03/2026,3:41,3.6,10:10,1.5,16:26,3.5,22:26,1.6,,
27/03/2026,5:02,3.4,11:48,1.6,17:44,3.3,23:58,1.7,,
28/03/2026,6:49,3.4,13:10,1.5,19:08,3.4,,,,
29/03/2026,1:33,1.6,8:12,3.6,14:12,1.3,20:22,3.5,,
30/03/2026,2:42,1.4,9:06,3.8,15:02,1.1,21:19,3.8,,
31/03/2026,3:32,1.2,9:49,4,15:45,0.9,22:04,4,,
1/04/2026,4:12,1,10:26,4.2,16:24,0.8,22:44,4.1,,
2/04/2026,4:46,0.8,11:00,4.3,17:00,0.8,23:19,4.2,,
3/04/2026,5:18,0.8,11:33,4.2,17:34,0.8,23:53,4.2,,
4/04/2026,5:47,0.8,12:06,4.2,18:07,0.8,,,,
5/04/2026,0:25,4.2,5:16,0.9,11:38,4,17:40,0.9,23:57,4.1
6/04/2026,5:46,1,12:12,3.9,18:14,1,,,,
7/04/2026,0:29,4,6:17,1.2,12:48,3.7,18:49,1.2,,
8/04/2026,1:03,3.8,6:53,1.4,13:28,3.5,19:29,1.4,,
9/04/2026,1:40,3.6,7:38,1.6,14:16,3.3,20:16,1.6,,
10/04/2026,2:26,3.4,8:42,1.8,15:16,3.2,21:15,1.7,,
11/04/2026,3:32,3.2,10:10,1.8,16:28,3.1,22:32,1.8,,
12/04/2026,5:02,3.2,11:31,1.7,17:45,3.2,23:56,1.7,,
13/04/2026,6:23,3.4,12:32,1.5,18:54,3.4,,,,
14/04/2026,1:02,1.5,7:21,3.6,13:20,1.3,19:49,3.6,,
15/04/2026,1:53,1.2,8:06,3.9,14:03,1,20:36,3.9,,
16/04/2026,2:36,1,8:47,4.2,14:45,0.8,21:18,4.1,,
17/04/2026,3:16,0.7,9:27,4.3,15:27,0.7,21:59,4.3,,
18/04/2026,3:55,0.6,10:07,4.4,16:10,0.6,22:40,4.5,,
19/04/2026,4:35,0.5,10:50,4.4,16:53,0.6,23:21,4.5,,
20/04/2026,5:17,0.6,11:34,4.3,17:39,0.7,,,,
21/04/2026,0:03,4.4,6:02,0.7,12:23,4.1,18:26,0.9,,
22/04/2026,0:48,4.2,6:53,1,13:16,3.9,19:18,1.1,,
23/04/2026,1:38,3.9,7:55,1.2,14:16,3.7,20:16,1.3,,
24/04/2026,2:39,3.7,9:13,1.4,15:22,3.5,21:25,1.5,,
25/04/2026,3:57,3.5,10:35,1.5,16:35,3.4,22:47,1.6,,
26/04/2026,5:25,3.5,11:45,1.4,17:47,3.4,,,,
27/04/2026,0:06,1.6,6:37,3.6,12:41,1.3,18:53,3.6,,
28/04/2026,1:09,1.4,7:30,3.8,13:29,1.2,19:47,3.7,,
29/04/2026,1:59,1.2,8:13,3.9,14:12,1.1,20:33,3.9,,
30/04/2026,2:39,1.1,8:52,4,14:52,1,21:14,4,,
1/05/2026,3:15,1,9:27,4,15:29,0.9,21:50,4.1,,
2/05/2026,3:47,0.9,10:02,4,16:05,0.9,22:25,4.1,,
3/05/2026,4:18,0.9,10:36,4,16:40,1,22:59,4.1,,
4/05/2026,4:49,1,11:11,3.9,17:15,1,23:32,4.1,,
5/05/2026,5:21,1.1,11:47,3.8,17:51,1.1,,,,
6/05/2026,0:05,4,5:55,1.2,12:26,3.6,18:28,1.2,,
7/05/2026,0:40,3.9,6:33,1.3,13:08,3.5,19:08,1.3,,
8/05/2026,1:19,3.7,7:19,1.5,13:55,3.4,19:53,1.5,,
9/05/2026,2:04,3.5,8:17,1.6,14:50,3.3,20:47,1.6,,
10/05/2026,3:02,3.4,9:26,1.6,15:51,3.2,21:51,1.7,,
11/05/2026,4:14,3.4,10:36,1.6,16:57,3.3,23:04,1.6,,
12/05/2026,5:26,3.5,11:36,1.4,18:02,3.4,,,,
13/05/2026,0:11,1.5,6:27,3.7,12:30,1.2,19:02,3.6,,
14/05/2026,1:08,1.2,7:19,3.9,13:20,1,19:56,3.9,,
15/05/2026,1:58,1,8:07,4.1,14:09,0.9,20:46,4.1,,
16/05/2026,2:45,0.8,8:53,4.2,14:58,0.7,21:33,4.3,,
17/05/2026,3:30,0.6,9:41,4.3,15:48,0.7,22:19,4.4,,
18/05/2026,4:16,0.6,10:30,4.3,16:38,0.7,23:05,4.4,,
19/05/2026,5:03,0.6,11:21,4.2,17:29,0.7,23:52,4.4,,
20/05/2026,5:54,0.8,12:15,4.1,18:21,0.9,,,,
21/05/2026,0:40,4.2,6:49,0.9,13:10,3.9,19:13,1,,
22/05/2026,1:32,4,7:51,1.1,14:08,3.7,20:08,1.2,,
23/05/2026,2:29,3.8,8:58,1.3,15:07,3.6,21:08,1.4,,
24/05/2026,3:35,3.6,10:04,1.3,16:07,3.5,22:14,1.5,,
25/05/2026,4:45,3.6,11:05,1.3,17:09,3.5,23:24,1.5,,
26/05/2026,5:49,3.6,11:59,1.3,18:11,3.5,,,,
27/05/2026,0:28,1.5,6:44,3.6,12:49,1.3,19:08,3.6,,
28/05/2026,1:21,1.4,7:32,3.7,13:35,1.2,19:59,3.7,,
29/05/2026,2:06,1.3,8:15,3.7,14:19,1.2,20:44,3.8,,
30/05/2026,2:45,1.2,8:55,3.8,15:02,1.1,21:25,3.9,,
31/05/2026,3:21,1.1,9:33,3.8,15:42,1.1,22:02,4,,
1/06/2026,3:55,1.1,10:11,3.8,16:20,1.1,22:37,4.1,,
2/06/2026,4:28,1.1,10:50,3.7,16:57,1.1,23:12,4.1,,
3/06/2026,5:02,1.1,11:29,3.7,17:33,1.1,23:46,4,,
4/06/2026,5:38,1.1,12:09,3.6,18:10,1.1,,,,
5/06/2026,0:22,3.9,6:17,1.2,12:51,3.6,18:49,1.2,,
6/06/2026,1:01,3.8,7:02,1.3,13:35,3.5,19:30,1.3,,
7/06/2026,1:44,3.7,7:51,1.4,14:22,3.5,20:17,1.4,,
8/06/2026,2:34,3.6,8:46,1.4,15:12,3.4,21:11,1.5,,
9/06/2026,3:32,3.6,9:44,1.4,16:08,3.4,22:14,1.5,,
10/06/2026,4:34,3.6,10:42,1.3,17:10,3.5,23:23,1.4,,
11/06/2026,5:36,3.7,11:40,1.2,18:16,3.6,,,,
12/06/2026,0:28,1.3,6:35,3.8,12:39,1.1,19:20,3.8,,
13/06/2026,1:27,1.1,7:31,3.9,13:38,1,20:20,4,,
14/06/2026,2:21,0.9,8:26,4.1,14:37,0.9,21:14,4.2,,
15/06/2026,3:12,0.7,9:22,4.1,15:35,0.8,22:05,4.4,,
16/06/2026,4:03,0.6,10:17,4.2,16:30,0.7,22:54,4.4,,
17/06/2026,4:54,0.6,11:12,4.1,17:22,0.7,23:41,4.4,,
18/06/2026,5:45,0.7,12:06,4.1,18:11,0.8,,,,
19/06/2026,0:28,4.3,6:38,0.8,12:58,4,18:58,0.9,,
20/06/2026,1:16,4.1,7:31,1,13:48,3.8,19:45,1.1,,
21/06/2026,2:06,3.9,8:25,1.1,14:37,3.7,20:34,1.3,,
22/06/2026,2:59,3.7,9:19,1.2,15:27,3.6,21:29,1.4,,
23/06/2026,3:57,3.6,10:13,1.3,16:21,3.5,22:33,1.6,,
24/06/2026,4:56,3.5,11:08,1.4,17:21,3.4,23:41,1.6,,
25/06/2026,5:54,3.5,12:02,1.4,18:25,3.4,,,,
26/06/2026,0:44,1.5,6:49,3.5,12:57,1.4,19:26,3.5,,
27/06/2026,1:36,1.4,7:39,3.5,13:50,1.3,20:19,3.6,,
28/06/2026,2:20,1.3,8:26,3.6,14:39,1.3,21:03,3.8,,
29/06/2026,2:59,1.2,9:11,3.6,15:23,1.2,21:42,3.9,,
30/06/2026,3:35,1.1,9:53,3.7,16:04,1.1,22:19,4,,
1/07/2026,4:10,1.1,10:34,3.7,16:41,1,22:53,4.1,,
2/07/2026,4:45,1,11:14,3.7,17:16,1,23:28,4.1,,
3/07/2026,5:22,1,11:53,3.7,17:51,1,,,,
4/07/2026,0:03,4.1,5:59,1,12:32,3.7,18:27,1,,
5/07/2026,0:40,4,6:40,1,13:11,3.7,19:04,1.1,,
6/07/2026,1:20,3.9,7:23,1.1,13:50,3.7,19:45,1.2,,
7/07/2026,2:04,3.8,8:09,1.1,14:33,3.6,20:33,1.3,,
8/07/2026,2:54,3.7,9:00,1.2,15:22,3.5,21:31,1.4,,
9/07/2026,3:52,3.7,9:56,1.2,16:23,3.5,22:42,1.4,,
10/07/2026,4:55,3.6,10:58,1.3,17:36,3.5,23:58,1.3,,
11/07/2026,6:01,3.7,12:07,1.2,18:55,3.6,,,,
12/07/2026,1:07,1.2,7:07,3.7,13:19,1.1,20:05,3.9,,
13/07/2026,2:07,1,8:11,3.9,14:28,1,21:04,4.1,,
14/07/2026,3:02,0.8,9:12,4,15:29,0.8,21:55,4.3,,
15/07/2026,3:54,0.6,10:10,4.1,16:22,0.7,22:42,4.4,,
16/07/2026,4:43,0.6,11:02,4.2,17:09,0.6,23:26,4.5,,
17/07/2026,5:30,0.6,11:50,4.2,17:52,0.7,,,,
18/07/2026,0:09,4.4,6:15,0.7,12:35,4.1,18:32,0.8,,
19/07/2026,0:51,4.2,7:00,0.8,13:17,4,19:11,1,,
20/07/2026,1:34,4,7:44,1,13:58,3.8,19:52,1.2,,
21/07/2026,2:19,3.8,8:29,1.2,14:41,3.6,20:37,1.4,,
22/07/2026,3:08,3.6,9:17,1.3,15:29,3.5,21:35,1.6,,
23/07/2026,4:03,3.4,10:11,1.5,16:26,3.3,22:51,1.7,,
24/07/2026,5:05,3.3,11:13,1.6,17:38,3.2,,,,
25/07/2026,0:08,1.7,6:08,3.2,12:20,1.6,18:55,3.3,,
26/07/2026,1:10,1.6,7:09,3.3,13:25,1.5,19:57,3.5,,
27/07/2026,1:59,1.4,8:05,3.4,14:20,1.4,20:44,3.7,,
28/07/2026,2:40,1.3,8:54,3.5,15:06,1.2,21:23,3.9,,
29/07/2026,3:17,1.1,9:38,3.6,15:46,1.1,21:59,4,,
30/07/2026,3:52,1,10:19,3.8,16:21,0.9,22:33,4.1,,
31/07/2026,4:27,0.9,10:57,3.9,16:55,0.8,23:07,4.2,,
1/08/2026,5:01,0.8,11:33,3.9,17:27,0.8,23:41,4.2,,
2/08/2026,5:37,0.8,12:08,3.9,18:01,0.8,,,,
3/08/2026,0:16,4.2,6:14,0.8,12:43,3.9,18:36,0.9,,
4/08/2026,0:53,4.1,6:53,0.9,13:19,3.9,19:14,1,,
5/08/2026,1:35,3.9,7:36,1,13:59,3.7,19:59,1.2,,
6/08/2026,2:22,3.8,8:24,1.1,14:45,3.6,20:56,1.3,,
7/08/2026,3:20,3.6,9:20,1.2,15:47,3.5,22:15,1.5,,
8/08/2026,4:27,3.5,10:28,1.4,17:11,3.4,23:44,1.4,,
9/08/2026,5:42,3.5,11:52,1.4,18:46,3.5,,,,
10/08/2026,0:59,1.2,6:57,3.6,13:17,1.3,20:00,3.8,,
11/08/2026,2:01,1,8:07,3.7,14:27,1,20:56,4.1,,
12/08/2026,2:53,0.8,9:07,3.9,15:22,0.8,21:43,4.3,,
13/08/2026,3:41,0.6,9:59,4.1,16:08,0.6,22:25,4.5,,
14/08/2026,4:25,0.5,10:45,4.2,16:48,0.6,23:05,4.5,,
15/08/2026,5:07,0.5,11:26,4.2,17:25,0.6,23:43,4.4,,
16/08/2026,5:46,0.6,12:05,4.2,18:00,0.7,,,,
17/08/2026,0:20,4.2,6:24,0.7,12:41,4.1,18:33,0.9,,
18/08/2026,0:58,4,7:02,0.9,13:18,3.9,19:08,1.1,,
19/08/2026,1:37,3.8,7:41,1.1,13:56,3.7,19:48,1.3,,
20/08/2026,2:22,3.5,8:25,1.3,14:39,3.5,20:39,1.6,,
21/08/2026,3:15,3.3,9:17,1.5,15:33,3.3,21:57,1.8,,
22/08/2026,4:19,3.1,10:23,1.7,16:49,3.1,23:34,1.8,,
23/08/2026,5:31,3.1,11:43,1.7,18:22,3.2,,,,
24/08/2026,0:44,1.7,6:43,3.1,13:00,1.6,19:32,3.4,,
25/08/2026,1:35,1.5,7:45,3.3,13:58,1.4,20:21,3.6,,
26/08/2026,2:17,1.3,8:36,3.5,14:44,1.2,20:59,3.8,,
27/08/2026,2:54,1,9:19,3.7,15:22,1,21:34,4.1,,
28/08/2026,3:28,0.9,9:57,3.9,15:56,0.8,22:07,4.2,,
29/08/2026,4:02,0.7,10:33,4,16:28,0.7,22:41,4.3,,
30/08/2026,4:37,0.6,11:07,4.1,17:01,0.6,23:15,4.3,,
31/08/2026,5:12,0.6,11:41,4.2,17:34,0.6,23:50,4.3,,
1/09/2026,5:49,0.6,12:16,4.1,18:09,0.7,,,,
2/09/2026,0:27,4.2,6:27,0.7,12:52,4,18:48,0.9,,
3/09/2026,1:10,4,7:10,0.9,13:32,3.8,19:34,1.1,,
4/09/2026,1:59,3.7,7:58,1.1,14:21,3.6,20:36,1.4,,
5/09/2026,3:00,3.5,8:58,1.3,15:27,3.4,22:06,1.5,,
6/09/2026,4:14,3.4,10:17,1.5,17:05,3.3,23:42,1.5,,
7/09/2026,5:37,3.3,11:54,1.5,18:45,3.5,,,,
8/09/2026,0:54,1.2,6:56,3.5,13:17,1.3,19:52,3.8,,
9/09/2026,1:51,1,8:02,3.7,14:18,1,20:41,4.1,,
10/09/2026,2:39,0.7,8:56,4,15:06,0.8,21:24,4.3,,
11/09/2026,3:22,0.6,9:41,4.1,15:46,0.6,22:02,4.4,,
12/09/2026,4:02,0.5,10:21,4.3,16:22,0.5,22:38,4.4,,
13/09/2026,4:39,0.5,10:59,4.3,16:55,0.6,23:13,4.3,,
14/09/2026,5:15,0.6,11:34,4.2,17:26,0.7,23:47,4.2,,
15/09/2026,5:50,0.7,12:08,4.1,17:58,0.8,,,,
16/09/2026,0:23,3.9,6:25,0.9,12:42,3.9,18:30,1.1,,
17/09/2026,1:00,3.7,7:02,1.1,13:17,3.7,19:07,1.3,,
18/09/2026,1:42,3.5,7:43,1.3,13:57,3.5,19:54,1.6,,
19/09/2026,2:33,3.2,8:33,1.5,14:47,3.3,21:06,1.8,,
20/09/2026,3:37,3.1,9:37,1.7,16:00,3.1,22:50,1.8,,
21/09/2026,4:54,3,11:02,1.8,17:38,3.1,,,,
22/09/2026,0:09,1.7,6:13,3.1,12:25,1.7,18:56,3.3,,
23/09/2026,1:03,1.5,7:18,3.3,13:26,1.4,19:46,3.6,,
24/09/2026,1:45,1.2,8:09,3.5,14:12,1.2,20:26,3.8,,
25/09/2026,2:23,1,8:51,3.8,14:51,0.9,21:02,4.1,,
26/09/2026,2:59,0.8,9:29,4,15:26,0.7,21:36,4.3,,
27/09/2026,4:34,0.6,11:05,4.2,17:00,0.6,23:11,4.4,,
28/09/2026,5:10,0.5,11:40,4.3,17:34,0.5,23:47,4.4,,
29/09/2026,5:47,0.5,12:16,4.3,18:09,0.5,,,,
30/09/2026,0:25,4.3,6:26,0.5,12:53,4.2,18:47,0.6,,
1/10/2026,1:06,4.2,7:08,0.7,13:33,4.1,19:30,0.8,,
2/10/2026,1:53,3.9,7:54,0.9,14:17,3.9,20:22,1.1,,
3/10/2026,2:47,3.7,8:46,1.1,15:10,3.6,21:32,1.4,,
4/10/2026,3:53,3.4,9:51,1.4,16:24,3.4,23:08,1.5,,
5/10/2026,5:10,3.3,11:16,1.5,18:03,3.4,,,,
6/10/2026,0:34,1.4,6:32,3.3,12:50,1.5,19:31,3.5,,
7/10/2026,1:39,1.2,7:46,3.5,14:04,1.3,20:31,3.8,,
8/10/2026,2:32,0.9,8:46,3.7,14:58,1,21:17,4,,
9/10/2026,3:17,0.8,9:35,3.9,15:42,0.8,21:57,4.2,,
10/10/2026,3:58,0.6,10:17,4.1,16:20,0.7,22:34,4.3,,
11/10/2026,4:36,0.6,10:56,4.2,16:55,0.6,23:09,4.3,,
12/10/2026,5:12,0.6,11:31,4.2,17:26,0.7,23:44,4.2,,
13/10/2026,5:47,0.7,12:06,4.2,17:57,0.7,,,,
14/10/2026,0:18,4,6:21,0.8,12:39,4.1,18:28,0.9,,
15/10/2026,0:53,3.8,6:56,0.9,13:13,4,19:01,1.1,,
16/10/2026,1:30,3.6,7:33,1.1,13:48,3.8,19:38,1.3,,
17/10/2026,2:12,3.4,8:13,1.3,14:26,3.6,20:24,1.5,,
18/10/2026,3:01,3.2,9:00,1.5,15:13,3.4,21:27,1.7,,
19/10/2026,4:01,3.1,9:59,1.6,16:17,3.2,22:54,1.7,,
20/10/2026,5:13,3,11:14,1.7,17:42,3.2,,,,
21/10/2026,0:15,1.7,6:28,3.1,12:35,1.7,19:01,3.3,,
22/10/2026,1:15,1.5,7:35,3.3,13:41,1.5,19:59,3.5,,
23/10/2026,2:02,1.2,8:30,3.5,14:32,1.2,20:44,3.8,,
24/10/2026,2:44,1,9:15,3.7,15:15,1,21:24,4,,
25/10/2026,3:24,0.8,9:57,4,15:54,0.7,22:03,4.2,,
26/10/2026,4:04,0.6,10:37,4.2,16:32,0.6,22:42,4.3,,
27/10/2026,4:45,0.5,11:16,4.3,17:10,0.5,23:23,4.3,,
28/10/2026,5:27,0.5,11:56,4.4,17:51,0.5,,,,
29/10/2026,0:06,4.3,6:11,0.6,12:37,4.3,18:34,0.6,,
30/10/2026,0:53,4.1,6:58,0.7,13:21,4.2,19:22,0.8,,
31/10/2026,1:45,3.9,7:48,0.9,14:10,4,20:20,1.1,,
1/11/2026,2:43,3.7,8:43,1.1,15:07,3.7,21:33,1.3,,
2/11/2026,3:48,3.5,9:48,1.3,16:18,3.5,22:55,1.3,,
3/11/2026,4:59,3.4,11:04,1.4,17:42,3.5,,,,
4/11/2026,0:09,1.3,6:11,3.4,12:25,1.4,18:58,3.6,,
5/11/2026,1:10,1.2,7:19,3.5,13:35,1.3,19:58,3.7,,
6/11/2026,2:02,1,8:18,3.7,14:30,1.2,20:45,3.9,,
7/11/2026,2:48,0.9,9:08,3.8,15:15,1,21:27,4,,
8/11/2026,3:31,0.8,9:52,4,15:54,0.9,22:05,4,,
9/11/2026,4:11,0.8,10:31,4.1,16:29,0.8,22:42,4,,
10/11/2026,4:49,0.8,11:08,4.1,17:02,0.8,23:18,4,,
11/11/2026,5:25,0.8,11:43,4.1,17:35,0.9,23:54,3.9,,
12/11/2026,6:01,0.9,12:17,4.1,18:07,0.9,,,,
13/11/2026,0:31,3.8,6:37,0.9,12:51,4,18:41,1.1,,
14/11/2026,1:10,3.6,7:13,1,13:26,3.9,19:19,1.2,,
15/11/2026,1:51,3.5,7:52,1.2,14:04,3.7,20:03,1.4,,
16/11/2026,2:37,3.4,8:35,1.3,14:48,3.5,20:56,1.5,,
17/11/2026,3:29,3.2,9:24,1.5,15:41,3.4,22:00,1.6,,
18/11/2026,4:27,3.2,10:24,1.6,16:48,3.3,23:09,1.5,,
19/11/2026,5:31,3.2,11:35,1.6,17:59,3.4,,,,
20/11/2026,0:11,1.4,6:37,3.3,12:45,1.5,19:01,3.5,,
21/11/2026,1:07,1.3,7:40,3.4,13:46,1.3,19:55,3.7,,
22/11/2026,1:58,1.1,8:35,3.7,14:37,1.1,20:43,3.9,,
23/11/2026,2:47,0.9,9:25,3.9,15:23,0.8,21:30,4.1,,
24/11/2026,3:36,0.8,10:12,4.1,16:08,0.6,22:17,4.2,,
25/11/2026,4:25,0.6,10:57,4.3,16:53,0.5,23:05,4.2,,
26/11/2026,5:14,0.6,11:42,4.4,17:39,0.5,23:55,4.2,,
27/11/2026,6:04,0.6,12:28,4.4,18:28,0.6,,,,
28/11/2026,0:47,4.1,6:54,0.7,13:15,4.3,19:20,0.7,,
29/11/2026,1:41,4,7:44,0.8,14:04,4.1,20:17,0.9,,
30/11/2026,2:36,3.8,8:36,1,14:58,3.9,21:20,1.1,,
1/12/2026,3:33,3.7,9:32,1.2,15:58,3.7,22:25,1.2,,
2/12/2026,4:31,3.5,10:34,1.3,17:05,3.6,23:28,1.3,,
3/12/2026,5:33,3.5,11:44,1.4,18:13,3.6,,,,
4/12/2026,0:28,1.3,6:37,3.4,12:55,1.4,19:14,3.6,,
5/12/2026,1:23,1.2,7:41,3.5,13:56,1.4,20:08,3.6,,
6/12/2026,2:15,1.2,8:39,3.6,14:47,1.3,20:55,3.7,,
7/12/2026,3:04,1.1,9:29,3.8,15:31,1.1,21:39,3.7,,
8/12/2026,3:49,1.1,10:12,3.9,16:09,1.1,22:20,3.8,,
9/12/2026,4:32,1,10:50,4,16:45,1,23:00,3.8,,
10/12/2026,5:11,1,11:26,4.1,17:19,1,23:39,3.8,,
11/12/2026,5:48,0.9,12:01,4.1,17:52,1,,,,
12/12/2026,0:18,3.7,6:23,0.9,12:35,4.1,18:27,1,,
13/12/2026,0:56,3.7,6:58,1,13:10,4,19:04,1.1,,
14/12/2026,1:35,3.6,7:33,1.1,13:46,3.9,19:44,1.2,,
15/12/2026,2:15,3.5,8:10,1.2,14:25,3.8,20:28,1.2,,
16/12/2026,2:57,3.5,8:52,1.3,15:09,3.7,21:17,1.3,,
17/12/2026,3:42,3.4,9:39,1.4,16:01,3.6,22:10,1.4,,
18/12/2026,4:33,3.3,10:37,1.5,17:00,3.5,23:08,1.4,,
19/12/2026,5:33,3.3,11:46,1.5,18:04,3.5,,,,
20/12/2026,0:08,1.3,6:43,3.4,12:58,1.4,19:06,3.6,,
21/12/2026,1:10,1.2,7:54,3.5,14:02,1.2,20:05,3.7,,
22/12/2026,2:13,1.1,8:59,3.8,14:59,1,21:03,3.9,,
23/12/2026,3:15,1,9:55,4,15:52,0.8,21:59,4,,
24/12/2026,4:14,0.8,10:46,4.3,16:42,0.6,22:55,4.1,,
25/12/2026,5:09,0.7,11:34,4.4,17:32,0.5,23:49,4.2,,
26/12/2026,6:00,0.6,12:20,4.5,18:22,0.5,,,,
27/12/2026,0:41,4.2,6:48,0.6,13:06,4.5,19:12,0.6,,
28/12/2026,1:31,4.1,7:33,0.7,13:52,4.3,20:02,0.7,,
29/12/2026,2:20,4,8:18,0.8,14:39,4.1,20:53,0.9,,
30/12/2026,3:07,3.9,9:03,1,15:29,3.9,21:45,1.1,,
31/12/2026,3:55,3.7,9:53,1.3,16:23,3.7,22:38,1.3,,
1/01/2027,4:46,3.5,10:52,1.5,17:21,3.5,23:35,1.4,,
2/01/2027,5:45,3.4,12:06,1.6,18:24,3.4,,,,
3/01/2027,0:35,1.5,6:56,3.3,13:20,1.6,19:26,3.4,,
4/01/2027,1:38,1.5,8:08,3.4,14:21,1.5,20:24,3.4,,
5/01/2027,2:39,1.4,9:08,3.5,15:11,1.4,21:17,3.5,,
6/01/2027,3:33,1.3,9:56,3.7,15:53,1.3,22:05,3.6,,
7/01/2027,4:20,1.2,10:36,3.9,16:31,1.1,22:48,3.7,,
8/01/2027,4:59,1.1,11:12,4,17:05,1.1,23:28,3.7,,
9/01/2027,5:35,1,11:46,4.1,17:39,1,,,,
10/01/2027,0:06,3.8,6:08,0.9,12:19,4.1,18:12,1,,
11/01/2027,0:42,3.8,6:40,0.9,12:51,4.1,18:46,0.9,,
12/01/2027,1:17,3.8,7:11,0.9,13:25,4.1,19:22,1,,
13/01/2027,1:51,3.8,7:44,1,14:00,4,20:00,1,,
14/01/2027,2:26,3.7,8:20,1.1,14:39,3.9,20:40,1.1,,
15/01/2027,3:03,3.6,9:00,1.2,15:22,3.8,21:25,1.2,,
16/01/2027,3:44,3.5,9:50,1.4,16:14,3.6,22:16,1.3,,
17/01/2027,4:37,3.4,10:55,1.5,17:15,3.5,23:16,1.4,,
18/01/2027,5:49,3.3,12:17,1.5,18:24,3.5,,,,
19/01/2027,0:28,1.4,7:20,3.4,13:37,1.4,19:36,3.6,,
20/01/2027,1:49,1.3,8:41,3.6,14:44,1.2,20:46,3.7,,
21/01/2027,3:06,1.1,9:45,4,15:42,0.9,21:51,3.9,,
22/01/2027,4:10,0.9,10:37,4.3,16:34,0.7,22:49,4.1,,
23/01/2027,5:03,0.7,11:24,4.5,17:23,0.5,23:42,4.3,,
24/01/2027,5:50,0.5,12:08,4.6,18:10,0.5,,,,
25/01/2027,0:29,4.3,6:33,0.5,12:50,4.6,18:55,0.5,,
26/01/2027,1:13,4.3,7:12,0.6,13:31,4.5,19:38,0.6,,
27/01/2027,1:54,4.2,7:50,0.7,14:12,4.2,20:20,0.8,,
28/01/2027,2:34,4,8:29,1,14:55,4,21:03,1,,
29/01/2027,3:14,3.8,9:10,1.2,15:40,3.7,21:48,1.3,,
30/01/2027,3:58,3.6,10:00,1.5,16:32,3.5,22:39,1.5,,
31/01/2027,4:51,3.3,11:11,1.7,17:34,3.3,23:42,1.6,,
1/02/2027,6:04,3.2,12:41,1.8,18:43,3.2,,,,
2/02/2027,0:58,1.7,7:35,3.2,13:56,1.7,19:55,3.2,,
3/02/2027,2:15,1.6,8:49,3.4,14:51,1.6,20:59,3.3,,
4/02/2027,3:17,1.5,9:40,3.6,15:35,1.4,21:52,3.5,,
5/02/2027,4:04,1.3,10:19,3.8,16:13,1.2,22:36,3.6,,
6/02/2027,4:42,1.1,10:53,4,16:47,1.1,23:14,3.8,,
7/02/2027,5:16,1,11:26,4.1,17:20,0.9,23:49,3.9,,
8/02/2027,5:47,0.8,11:57,4.2,17:52,0.9,,,,
9/02/2027,0:22,4,6:17,0.8,12:29,4.3,18:24,0.8,,
10/02/2027,0:54,4,6:46,0.8,13:01,4.2,18:58,0.8,,
11/02/2027,1:25,4,7:17,0.8,13:35,4.2,19:32,0.9,,
12/02/2027,1:57,4,7:51,0.9,14:11,4,20:10,1,,
13/02/2027,2:31,3.8,8:29,1.1,14:52,3.9,20:51,1.1,,
14/02/2027,3:09,3.7,9:16,1.3,15:41,3.7,21:40,1.3,,
15/02/2027,3:59,3.5,10:21,1.5,16:43,3.5,22:42,1.5,,
16/02/2027,5:13,3.3,11:54,1.6,17:59,3.4,,,,
17/02/2027,0:04,1.6,7:01,3.3,13:25,1.5,19:21,3.5,,
18/02/2027,1:41,1.5,8:32,3.6,14:34,1.2,20:39,3.6,,
19/02/2027,3:02,1.2,9:34,4,15:31,0.9,21:45,3.9,,
20/02/2027,4:01,0.9,10:24,4.3,16:21,0.7,22:39,4.2,,
21/02/2027,4:49,0.7,11:07,4.5,17:07,0.5,23:26,4.3,,
22/02/2027,5:31,0.5,11:48,4.6,17:50,0.5,,,,
23/02/2027,0:08,4.4,6:10,0.5,12:27,4.6,18:30,0.5,,
24/02/2027,0:48,4.4,6:45,0.6,13:05,4.4,19:09,0.6,,
25/02/2027,1:25,4.3,7:19,0.7,13:42,4.2,19:46,0.8,,
26/02/2027,2:00,4.1,7:53,1,14:21,4,20:24,1,,
27/02/2027,2:37,3.9,8:30,1.2,15:03,3.7,21:05,1.3,,
28/02/2027,3:16,3.6,9:14,1.5,15:51,3.4,21:52,1.5,,
1/03/2027,4:04,3.4,10:19,1.8,16:50,3.2,22:53,1.7,,
2/03/2027,5:12,3.2,12:00,1.9,18:04,3.1,,,,
3/03/2027,0:16,1.8,6:52,3.1,13:25,1.8,19:25,3.1,,
4/03/2027,1:44,1.8,8:19,3.3,14:24,1.6,20:36,3.3,,
5/03/2027,2:50,1.6,9:12,3.5,15:08,1.4,21:30,3.5,,
6/03/2027,3:37,1.4,9:52,3.8,15:46,1.2,22:13,3.7,,
7/03/2027,4:15,1.1,10:26,4,16:21,1.1,22:50,3.9,,
8/03/2027,4:48,0.9,10:58,4.2,16:53,0.9,23:24,4,,
9/03/2027,5:19,0.8,11:30,4.3,17:26,0.8,23:56,4.1,,
10/03/2027,5:49,0.7,12:02,4.3,17:58,0.7,,,,
11/03/2027,0:28,4.2,6:20,0.7,12:35,4.3,18:32,0.7,,
12/03/2027,1:00,4.2,6:52,0.7,13:10,4.2,19:08,0.8,,
13/03/2027,1:32,4.1,7:27,0.9,13:48,4.1,19:46,0.9,,
14/03/2027,2:08,4,8:07,1.1,14:31,3.9,20:29,1.1,,
15/03/2027,2:49,3.8,8:57,1.3,15:24,3.6,21:21,1.3,,
16/03/2027,3:42,3.5,10:11,1.5,16:30,3.5,22:28,1.5,,
17/03/2027,5:03,3.3,11:49,1.6,17:50,3.4,23:59,1.6,,
18/03/2027,6:54,3.4,13:15,1.4,19:15,3.5,,,,
19/03/2027,1:36,1.5,8:18,3.7,14:20,1.2,20:30,3.7,,
20/03/2027,2:49,1.2,9:16,4,15:13,0.9,21:30,3.9,,
21/03/2027,3:43,0.9,10:02,4.3,16:00,0.7,22:20,4.2,,
22/03/2027,4:27,0.7,10:43,4.4,16:43,0.6,23:03,4.3,,
23/03/2027,5:06,0.6,11:22,4.5,17:24,0.6,23:43,4.4,,
24/03/2027,5:42,0.6,11:59,4.4,18:02,0.6,,,,
25/03/2027,0:20,4.4,6:16,0.7,12:36,4.3,18:39,0.7,,
26/03/2027,0:55,4.3,6:48,0.8,13:12,4.1,19:15,0.9,,
27/03/2027,1:30,4.1,7:21,1,13:50,3.9,19:52,1.1,,
28/03/2027,2:05,3.9,7:58,1.3,14:31,3.6,20:32,1.3,,
29/03/2027,2:43,3.7,8:41,1.5,15:19,3.4,21:18,1.5,,
30/03/2027,3:29,3.4,9:42,1.7,16:17,3.2,22:15,1.7,,
31/03/2027,4:31,3.2,11:13,1.9,17:27,3.1,23:32,1.8,,
1/04/2027,6:01,3.1,12:40,1.8,18:46,3.1,,,,
2/04/2027,0:58,1.8,7:29,3.3,13:41,1.7,19:58,3.3,,
3/04/2027,2:07,1.6,8:28,3.5,14:28,1.5,20:54,3.5,,
4/04/2027,2:58,1.4,8:11,3.7,14:08,1.3,20:38,3.7,,
5/04/2027,2:38,1.2,8:48,3.9,14:44,1.1,21:17,3.9,,
6/04/2027,3:13,1,9:22,4.1,15:20,0.9,21:52,4.1,,
7/04/2027,3:47,0.8,9:57,4.2,15:55,0.8,22:27,4.2,,
8/04/2027,4:20,0.7,10:32,4.3,16:31,0.7,23:01,4.3,,
9/04/2027,4:54,0.7,11:09,4.3,17:09,0.7,23:37,4.3,,
10/04/2027,5:30,0.7,11:48,4.2,17:49,0.8,,,,
11/04/2027,0:14,4.2,6:10,0.9,12:32,4,18:32,0.9,,
12/04/2027,0:54,4,6:57,1.1,13:22,3.8,19:20,1.1,,
13/04/2027,1:42,3.8,7:56,1.3,14:20,3.6,20:17,1.3,,
14/04/2027,2:42,3.6,9:15,1.5,15:29,3.5,21:28,1.5,,
15/04/2027,4:05,3.5,10:43,1.5,16:45,3.4,22:55,1.6,,
16/04/2027,5:38,3.5,11:56,1.3,18:01,3.5,,,,
17/04/2027,0:19,1.4,6:51,3.7,12:56,1.1,19:09,3.7,,
18/04/2027,1:24,1.2,7:47,4,13:47,1,20:06,3.9,,
19/04/2027,2:16,1,8:33,4.1,14:33,0.8,20:54,4.1,,
20/04/2027,3:00,0.9,9:14,4.2,15:16,0.8,21:37,4.2,,
21/04/2027,3:38,0.8,9:53,4.3,15:56,0.7,22:16,4.3,,
22/04/2027,4:14,0.8,10:30,4.2,16:35,0.8,22:53,4.3,,
23/04/2027,4:48,0.8,11:08,4.1,17:13,0.9,23:28,4.2,,
24/04/2027,5:21,0.9,11:45,3.9,17:50,1,,,,
25/04/2027,0:03,4.1,5:55,1.1,12:25,3.8,18:27,1.1,,
26/04/2027,0:39,3.9,6:33,1.3,13:07,3.6,19:07,1.3,,
27/04/2027,1:18,3.7,7:17,1.5,13:54,3.4,19:52,1.5,,
28/04/2027,2:02,3.5,8:13,1.6,14:48,3.3,20:44,1.6,,
29/04/2027,2:57,3.4,9:25,1.7,15:50,3.2,21:48,1.7,,
30/04/2027,4:09,3.3,10:40,1.7,16:57,3.2,23:03,1.8,,
1/05/2027,5:26,3.3,11:42,1.6,18:04,3.3,,,,
2/05/2027,0:13,1.6,6:29,3.5,12:34,1.5,19:04,3.4,,
3/05/2027,1:09,1.5,7:19,3.7,13:19,1.3,19:54,3.6,,
4/05/2027,1:55,1.2,8:02,3.9,14:01,1.1,20:38,3.9,,
5/05/2027,2:35,1,8:42,4,14:43,0.9,21:19,4.1,,
6/05/2027,3:14,0.8,9:22,4.1,15:24,0.8,21:59,4.2,,
7/05/2027,3:52,0.7,10:04,4.2,16:07,0.8,22:38,4.3,,
8/05/2027,4:32,0.7,10:47,4.2,16:52,0.8,23:19,4.3,,
9/05/2027,5:15,0.7,11:34,4.1,17:38,0.8,,,,
10/05/2027,0:02,4.3,6:02,0.8,12:24,4,18:27,0.9,,
11/05/2027,0:48,4.1,6:55,1,13:19,3.8,19:19,1.1,,
12/05/2027,1:40,3.9,7:58,1.2,14:18,3.7,20:16,1.2,,
13/05/2027,2:41,3.8,9:10,1.3,15:21,3.6,21:22,1.4,,
14/05/2027,3:53,3.6,10:22,1.3,16:27,3.6,22:36,1.4,,
15/05/2027,5:09,3.6,11:26,1.2,17:34,3.6,23:49,1.4,,
16/05/2027,6:15,3.7,12:23,1.2,18:38,3.7,,,,
17/05/2027,0:53,1.3,7:11,3.8,13:15,1.1,19:36,3.8,,
18/05/2027,1:46,1.2,7:59,3.9,14:03,1,20:26,3.9,,
19/05/2027,2:31,1,8:43,4,14:48,1,21:11,4.1,,
20/05/2027,3:12,1,9:24,4,15:31,1,21:52,4.1,,
21/05/2027,3:49,0.9,10:04,3.9,16:12,1,22:30,4.2,,
22/05/2027,4:24,1,10:44,3.9,16:51,1,23:06,4.1,,
23/05/2027,4:59,1,11:24,3.8,17:29,1,23:42,4.1,,
24/05/2027,5:35,1.1,12:05,3.7,18:07,1.1,,,,
25/05/2027,0:18,4,6:13,1.2,12:47,3.6,18:45,1.2,,
26/05/2027,0:56,3.8,6:55,1.3,13:31,3.5,19:26,1.3,,
27/05/2027,1:38,3.7,7:44,1.4,14:18,3.4,20:11,1.5,,
28/05/2027,2:26,3.5,8:39,1.5,15:08,3.3,21:04,1.6,,
29/05/2027,3:23,3.4,9:39,1.5,16:04,3.3,22:06,1.6,,
30/05/2027,4:26,3.4,10:37,1.5,17:04,3.3,23:13,1.6,,
31/05/2027,5:28,3.5,11:32,1.4,18:06,3.4,,,,
1/06/2027,0:16,1.5,6:24,3.6,12:25,1.3,19:06,3.6,,
2/06/2027,1:11,1.3,7:15,3.7,13:16,1.2,20:00,3.8,,
3/06/2027,1:59,1.1,8:03,3.9,14:08,1,20:49,4,,
4/06/2027,2:45,0.9,8:52,4,14:59,0.9,21:35,4.2,,
5/06/2027,3:31,0.8,9:41,4.1,15:50,0.8,22:21,4.3,,
6/06/2027,4:17,0.7,10:32,4.1,16:41,0.8,23:07,4.4,,
7/06/2027,5:05,0.7,11:25,4.1,17:31,0.7,23:53,4.4,,
8/06/2027,5:56,0.7,12:18,4.1,18:21,0.8,,,,
9/06/2027,0:41,4.3,6:51,0.8,13:12,4,19:11,0.9,,
10/06/2027,1:32,4.1,7:48,1,14:06,3.9,20:04,1.1,,
11/06/2027,2:28,3.9,8:49,1.1,15:00,3.8,21:00,1.2,,
12/06/2027,3:28,3.8,9:49,1.2,15:57,3.7,22:04,1.4,,
13/06/2027,4:31,3.7,10:47,1.2,16:57,3.6,23:13,1.4,,
14/06/2027,5:34,3.6,11:44,1.3,18:01,3.6,,,,
15/06/2027,0:20,1.4,6:32,3.6,12:40,1.3,19:04,3.6,,
16/06/2027,1:18,1.3,7:25,3.6,13:34,1.2,20:01,3.7,,
17/06/2027,2:07,1.2,8:14,3.7,14:25,1.2,20:50,3.9,,
18/06/2027,2:50,1.2,9:00,3.7,15:12,1.1,21:32,4,,
19/06/2027,3:29,1.1,9:44,3.7,15:55,1.1,22:11,4,,
20/06/2027,4:06,1.1,10:27,3.7,16:35,1,22:47,4.1,,
21/06/2027,4:41,1.1,11:07,3.7,17:12,1,23:23,4.1,,
22/06/2027,5:16,1.1,11:47,3.7,17:47,1,23:58,4,,
23/06/2027,5:53,1.1,12:26,3.7,18:22,1.1,,,,
24/06/2027,0:33,3.9,6:31,1.2,13:05,3.6,18:58,1.2,,
25/06/2027,1:11,3.8,7:13,1.2,13:44,3.6,19:37,1.3,,
26/06/2027,1:53,3.7,7:58,1.3,14:26,3.5,20:20,1.4,,
27/06/2027,2:40,3.6,8:46,1.3,15:11,3.4,21:12,1.5,,
28/06/2027,3:34,3.5,9:38,1.4,16:04,3.4,22:15,1.6,,
29/06/2027,4:32,3.5,10:34,1.4,17:07,3.4,23:26,1.5,,
30/06/2027,5:33,3.5,11:34,1.3,18:18,3.5,,,,
1/07/2027,0:32,1.4,6:33,3.6,12:37,1.3,19:26,3.6,,
2/07/2027,1:31,1.2,7:32,3.7,13:41,1.1,20:26,3.9,,
3/07/2027,2:25,1,8:30,3.9,14:43,1,21:19,4.1,,
4/07/2027,3:16,0.8,9:27,4,15:40,0.8,22:08,4.3,,
5/07/2027,4:06,0.6,10:22,4.1,16:32,0.7,22:55,4.5,,
6/07/2027,4:55,0.5,11:15,4.2,17:21,0.6,23:41,4.5,,
7/07/2027,5:45,0.5,12:06,4.2,18:07,0.6,,,,
8/07/2027,0:27,4.4,6:35,0.6,12:55,4.2,18:53,0.7,,
9/07/2027,1:14,4.3,7:25,0.8,13:42,4,19:38,0.9,,
10/07/2027,2:02,4.1,8:16,0.9,14:29,3.9,20:27,1.1,,
11/07/2027,2:54,3.8,9:08,1.1,15:19,3.7,21:24,1.4,,
12/07/2027,3:51,3.6,10:03,1.3,16:14,3.5,22:33,1.5,,
13/07/2027,4:52,3.5,11:02,1.4,17:20,3.4,23:49,1.6,,
14/07/2027,5:55,3.4,12:06,1.5,18:34,3.4,,,,
15/07/2027,0:55,1.5,6:56,3.4,13:10,1.4,19:41,3.5,,
16/07/2027,1:48,1.4,7:53,3.4,14:08,1.3,20:33,3.7,,
17/07/2027,2:33,1.3,8:44,3.5,14:58,1.2,21:16,3.9,,
18/07/2027,3:13,1.2,9:30,3.6,15:40,1.1,21:54,4,,
19/07/2027,3:49,1.1,10:12,3.7,16:17,1,22:29,4.1,,
20/07/2027,4:23,1,10:51,3.8,16:51,0.9,23:02,4.1,,
21/07/2027,4:56,1,11:27,3.8,17:23,0.9,23:35,4.1,,
22/07/2027,5:29,0.9,12:02,3.8,17:55,0.9,,,,
23/07/2027,0:08,4.1,6:04,1,12:36,3.8,18:27,1,,
24/07/2027,0:42,4,6:41,1,13:10,3.7,19:01,1.1,,
25/07/2027,1:20,3.9,7:20,1.1,13:45,3.7,19:40,1.2,,
26/07/2027,2:01,3.7,8:02,1.2,14:24,3.5,20:26,1.4,,
27/07/2027,2:49,3.6,8:50,1.3,15:11,3.4,21:26,1.5,,
28/07/2027,3:47,3.5,9:46,1.4,16:14,3.3,22:45,1.6,,
29/07/2027,4:52,3.4,10:53,1.4,17:39,3.3,,,,
30/07/2027,0:06,1.5,6:02,3.5,12:10,1.4,19:05,3.5,,
31/07/2027,1:14,1.2,7:12,3.6,13:28,1.2,20:12,3.8,,
1/08/2027,2:11,0.9,8:18,3.8,14:34,1,21:06,4.2,,
2/08/2027,3:04,0.7,9:17,4,15:30,0.7,21:54,4.4,,
3/08/2027,3:53,0.5,10:11,4.2,16:19,0.5,22:39,4.6,,
4/08/2027,4:40,0.4,11:00,4.4,17:03,0.4,23:22,4.6,,
5/08/2027,5:26,0.4,11:46,4.4,17:45,0.5,,,,
6/08/2027,0:05,4.5,6:10,0.5,12:29,4.3,18:26,0.6,,
7/08/2027,0:47,4.3,6:55,0.7,13:11,4.1,19:06,0.8,,
8/08/2027,1:31,4.1,7:39,0.9,13:53,3.9,19:49,1.1,,
9/08/2027,2:18,3.8,8:26,1.1,14:38,3.7,20:40,1.4,,
10/08/2027,3:11,3.5,9:17,1.4,15:30,3.4,21:50,1.6,,
11/08/2027,4:12,3.3,10:19,1.5,16:38,3.2,23:20,1.7,,
12/08/2027,5:21,3.2,11:34,1.6,18:05,3.2,,,,
13/08/2027,0:35,1.6,6:32,3.2,12:49,1.6,19:22,3.4,,
14/08/2027,1:31,1.5,7:37,3.3,13:51,1.4,20:16,3.6,,
15/08/2027,2:16,1.3,8:30,3.5,14:41,1.3,20:57,3.8,,
16/08/2027,2:54,1.1,9:15,3.6,15:20,1.1,21:33,4,,
17/08/2027,3:28,1,9:54,3.8,15:55,0.9,22:05,4.1,,
18/08/2027,4:00,0.9,10:29,3.9,16:26,0.8,22:37,4.2,,
19/08/2027,4:32,0.8,11:02,4,16:56,0.8,23:08,4.2,,
20/08/2027,5:03,0.8,11:35,4,17:26,0.8,23:40,4.2,,
21/08/2027,5:36,0.8,12:06,4,17:56,0.8,,,,
22/08/2027,0:13,4.1,6:10,0.8,12:37,3.9,18:29,0.9,,
23/08/2027,0:48,3.9,6:47,0.9,13:10,3.8,19:06,1.1,,
24/08/2027,1:28,3.8,7:27,1.1,13:47,3.6,19:50,1.3,,
25/08/2027,2:15,3.6,8:14,1.2,14:33,3.5,20:52,1.5,,
26/08/2027,3:15,3.4,9:12,1.4,15:40,3.3,22:20,1.6,,
27/08/2027,4:27,3.3,10:28,1.5,17:18,3.3,23:52,1.5,,
28/08/2027,5:47,3.4,11:59,1.4,18:52,3.5,,,,
29/08/2027,1:02,1.2,7:03,3.6,13:21,1.2,19:59,3.9,,
30/08/2027,1:58,0.9,8:09,3.8,14:24,0.9,20:50,4.2,,
31/08/2027,2:48,0.6,9:05,4.1,15:15,0.6,21:35,4.5,,
1/09/2027,3:35,0.4,9:54,4.3,15:59,0.4,22:17,4.6,,
2/09/2027,4:19,0.3,10:39,4.5,16:40,0.4,22:58,4.6,,
3/09/2027,5:01,0.3,11:21,4.5,17:18,0.4,23:38,4.5,,
4/09/2027,5:42,0.5,12:00,4.4,17:55,0.6,,,,
5/09/2027,0:18,4.3,6:23,0.7,12:39,4.2,18:32,0.8,,
6/09/2027,0:59,4,7:03,0.9,13:18,3.9,19:11,1.1,,
7/09/2027,1:43,3.7,7:46,1.2,13:59,3.7,19:59,1.4,,
8/09/2027,2:34,3.4,8:36,1.4,14:49,3.4,21:07,1.7,,
9/09/2027,3:36,3.2,9:39,1.6,15:57,3.2,22:47,1.8,,
10/09/2027,4:50,3.1,10:59,1.7,17:30,3.1,,,,
11/09/2027,0:09,1.7,6:08,3.1,12:22,1.6,18:55,3.3,,
12/09/2027,1:06,1.5,7:16,3.2,13:26,1.5,19:49,3.5,,
13/09/2027,1:50,1.3,8:09,3.4,14:15,1.3,20:29,3.8,,
14/09/2027,2:27,1.1,8:52,3.6,14:53,1.1,21:04,3.9,,
15/09/2027,3:01,0.9,9:29,3.8,15:27,0.9,21:36,4.1,,
16/09/2027,3:33,0.8,10:03,4,15:58,0.8,22:08,4.2,,
17/09/2027,4:04,0.7,10:35,4.1,16:27,0.7,22:39,4.2,,
18/09/2027,4:36,0.7,11:07,4.1,16:58,0.7,23:11,4.2,,
19/09/2027,5:09,0.7,11:38,4.1,17:29,0.7,23:45,4.1,,
20/09/2027,5:44,0.7,12:10,4,18:03,0.8,,,,
21/09/2027,0:22,4,6:21,0.9,12:45,3.9,18:41,1,,
22/09/2027,1:04,3.8,7:03,1,13:24,3.7,19:29,1.2,,
23/09/2027,1:55,3.6,7:53,1.2,14:14,3.5,20:36,1.5,,
24/09/2027,2:59,3.4,8:55,1.4,15:27,3.3,22:11,1.5,,
25/09/2027,4:16,3.3,10:19,1.5,17:08,3.3,23:39,1.4,,
26/09/2027,6:38,3.4,12:52,1.4,19:37,3.6,,,,
27/09/2027,1:46,1.1,7:52,3.6,14:08,1.2,20:39,3.9,,
28/09/2027,2:40,0.8,8:55,3.9,15:06,0.9,21:28,4.2,,
29/09/2027,3:28,0.6,9:47,4.1,15:54,0.6,22:12,4.4,,
30/09/2027,4:13,0.4,10:33,4.3,16:36,0.5,22:53,4.5,,
1/10/2027,4:55,0.4,11:15,4.4,17:15,0.4,23:32,4.5,,
2/10/2027,5:36,0.4,11:55,4.4,17:51,0.5,,,,
3/10/2027,0:11,4.3,6:15,0.5,12:33,4.3,18:27,0.6,,
4/10/2027,0:49,4.1,6:54,0.7,13:10,4.2,19:02,0.9,,
5/10/2027,1:30,3.9,7:33,0.9,13:48,3.9,19:41,1.1,,
6/10/2027,2:13,3.6,8:15,1.2,14:28,3.7,20:26,1.4,,
7/10/2027,3:03,3.3,9:03,1.4,15:15,3.4,21:29,1.6,,
8/10/2027,4:03,3.2,10:02,1.6,16:18,3.2,23:01,1.7,,
9/10/2027,5:14,3.1,11:17,1.7,17:43,3.1,,,,
10/10/2027,0:25,1.7,6:31,3.1,12:40,1.7,19:07,3.2,,
11/10/2027,1:25,1.5,7:40,3.2,13:47,1.5,20:07,3.5,,
12/10/2027,2:12,1.3,8:35,3.4,14:38,1.3,20:50,3.7,,
13/10/2027,2:51,1.1,9:19,3.6,15:19,1.1,21:27,3.9,,
14/10/2027,3:27,1,9:58,3.8,15:54,0.9,22:02,4,,
15/10/2027,4:01,0.8,10:33,4,16:27,0.8,22:36,4.1,,
16/10/2027,4:35,0.7,11:08,4.1,16:59,0.7,23:10,4.2,,
17/10/2027,5:10,0.6,11:41,4.2,17:32,0.6,23:45,4.2,,
18/10/2027,5:46,0.7,12:16,4.2,18:07,0.7,,,,
19/10/2027,0:23,4.1,6:25,0.7,12:51,4.1,18:45,0.8,,
20/10/2027,1:05,3.9,7:06,0.8,13:30,4,19:29,1,,
21/10/2027,1:52,3.8,7:52,1,14:14,3.8,20:23,1.2,,
22/10/2027,2:48,3.6,8:45,1.2,15:09,3.6,21:34,1.3,,
23/10/2027,3:53,3.4,9:50,1.4,16:23,3.5,23:00,1.4,,
24/10/2027,5:06,3.4,11:10,1.4,17:52,3.5,,,,
25/10/2027,0:18,1.3,6:22,3.5,12:34,1.4,19:10,3.7,,
26/10/2027,1:21,1.1,7:32,3.6,13:46,1.2,20:11,3.9,,
27/10/2027,2:15,0.9,8:32,3.8,14:43,0.9,21:01,4.1,,
28/10/2027,3:04,0.7,9:25,4.1,15:30,0.7,21:45,4.2,,
29/10/2027,3:49,0.6,10:11,4.2,16:13,0.6,22:27,4.3,,
30/10/2027,4:33,0.6,10:53,4.3,16:51,0.6,23:07,4.2,,
31/10/2027,5:14,0.6,11:32,4.3,17:28,0.6,23:46,4.1,,
1/11/2027,5:54,0.7,12:10,4.3,18:04,0.8,,,,
2/11/2027,0:26,4,6:32,0.8,12:47,4.1,18:40,0.9,,
3/11/2027,1:07,3.8,7:11,0.9,13:24,4,19:18,1.1,,
4/11/2027,1:50,3.6,7:52,1.1,14:03,3.8,20:02,1.3,,
5/11/2027,2:37,3.4,8:36,1.3,14:48,3.6,20:57,1.5,,
6/11/2027,3:31,3.2,9:26,1.5,15:41,3.4,22:05,1.6,,
7/11/2027,4:31,3.1,10:28,1.6,16:49,3.3,23:20,1.6,,
8/11/2027,5:38,3.1,11:41,1.7,18:04,3.3,,,,
9/11/2027,0:25,1.5,6:45,3.2,12:53,1.6,19:09,3.4,,
10/11/2027,1:18,1.4,7:47,3.3,13:51,1.4,20:00,3.6,,
11/11/2027,2:04,1.2,8:39,3.5,14:38,1.2,20:44,3.7,,
12/11/2027,2:46,1.1,9:23,3.7,15:19,1,21:24,3.9,,
13/11/2027,3:27,0.9,10:03,3.9,15:57,0.9,22:03,4,,
14/11/2027,4:07,0.8,10:42,4.1,16:35,0.7,22:43,4.1,,
15/11/2027,4:49,0.7,11:20,4.2,17:13,0.7,23:25,4.1,,
16/11/2027,5:31,0.7,11:59,4.2,17:53,0.7,,,,
17/11/2027,0:09,4.1,6:14,0.7,12:40,4.2,18:37,0.7,,
18/11/2027,0:57,4,7:00,0.8,13:23,4.1,19:26,0.9,,
19/11/2027,1:48,3.9,7:48,0.9,14:11,4,20:22,1,,
20/11/2027,2:44,3.7,8:41,1,15:06,3.8,21:27,1.1,,
21/11/2027,3:43,3.6,9:40,1.2,16:11,3.7,22:38,1.2,,
22/11/2027,4:47,3.5,10:49,1.3,17:24,3.6,23:46,1.2,,
23/11/2027,5:53,3.5,12:05,1.3,18:35,3.7,,,,
24/11/2027,0:48,1.1,7:01,3.6,13:17,1.3,19:37,3.8,,
25/11/2027,1:45,1,8:05,3.7,14:17,1.1,20:31,3.9,,
26/11/2027,2:38,0.9,9:02,3.9,15:08,1,21:19,3.9,,
27/11/2027,3:28,0.9,9:51,4,15:53,0.9,22:04,4,,
28/11/2027,4:14,0.8,10:35,4.1,16:33,0.8,22:47,4,,
29/11/2027,4:58,0.8,11:15,4.2,17:11,0.8,23:29,3.9,,
30/11/2027,5:38,0.8,11:53,4.2,17:47,0.9,,,,
1/12/2027,0:10,3.8,6:17,0.9,12:29,4.1,18:23,1,,
2/12/2027,0:51,3.7,6:54,0.9,13:05,4,19:01,1.1,,
3/12/2027,1:32,3.6,7:31,1,13:43,3.9,19:41,1.2,,
4/12/2027,2:14,3.5,8:10,1.2,14:22,3.7,20:26,1.3,,
5/12/2027,2:58,3.4,8:51,1.3,15:07,3.6,21:16,1.4,,
6/12/2027,3:45,3.3,9:39,1.5,15:59,3.5,22:12,1.5,,
7/12/2027,4:38,3.2,10:37,1.6,17:00,3.4,23:11,1.5,,
8/12/2027,5:38,3.2,11:45,1.6,18:03,3.4,,,,
9/12/2027,0:09,1.5,6:44,3.2,12:54,1.6,19:02,3.5,,
10/12/2027,1:06,1.4,7:48,3.4,13:54,1.4,19:56,3.6,,
11/12/2027,2:00,1.3,8:46,3.6,14:45,1.2,20:46,3.7,,
12/12/2027,2:53,1.1,9:36,3.8,15:31,1,21:34,3.9,,
13/12/2027,3:44,1,10:21,4,16:15,0.8,22:23,4,,
14/12/2027,4:34,0.8,11:05,4.2,16:59,0.7,23:12,4.1,,
15/12/2027,5:22,0.7,11:48,4.3,17:44,0.6,,,,
16/12/2027,0:02,4.1,6:09,0.6,12:31,4.4,18:31,0.6,,
17/12/2027,0:52,4.1,6:55,0.6,13:16,4.4,19:21,0.7,,
18/12/2027,1:42,4.1,7:41,0.7,14:03,4.2,20:13,0.8,,
19/12/2027,2:32,4,8:29,0.8,14:53,4.1,21:09,0.9,,
20/12/2027,3:24,3.9,9:20,1,15:49,3.9,22:06,1,,
21/12/2027,4:17,3.7,10:18,1.2,16:50,3.7,23:07,1.2,,
22/12/2027,5:16,3.6,11:28,1.4,17:55,3.6,,,,
23/12/2027,0:08,1.3,6:23,3.5,12:44,1.4,19:00,3.6,,
24/12/2027,1:11,1.3,7:35,3.5,13:52,1.4,20:01,3.6,,
25/12/2027,2:13,1.3,8:41,3.6,14:50,1.3,20:57,3.6,,
26/12/2027,3:11,1.2,9:36,3.8,15:38,1.2,21:47,3.7,,
27/12/2027,4:02,1.1,10:22,3.9,16:20,1.1,22:34,3.7,,
28/12/2027,4:47,1,11:02,4.1,16:58,1,23:18,3.8,,
29/12/2027,5:27,0.9,11:38,4.1,17:34,1,23:58,3.8,,
30/12/2027,6:03,0.9,12:13,4.2,18:09,1,,,,
31/12/2027,0:36,3.8,6:37,0.9,12:47,4.1,18:43,1,,
1/01/2028,1:13,3.8,7:10,0.9,13:21,4.1,19:18,1,,
2/01/2028,1:49,3.7,7:42,1,13:57,3.9,19:55,1.1,,
3/01/2028,2:25,3.6,8:17,1.1,14:34,3.8,20:35,1.2,,
4/01/2028,3:02,3.5,8:56,1.3,15:16,3.7,21:19,1.3,,
5/01/2028,3:43,3.4,9:41,1.4,16:05,3.5,22:07,1.4,,
6/01/2028,4:30,3.3,10:39,1.6,17:01,3.4,23:02,1.5,,
7/01/2028,5:31,3.2,11:53,1.6,18:04,3.4,,,,
8/01/2028,0:04,1.5,6:50,3.2,13:09,1.6,19:08,3.4,,
9/01/2028,1:13,1.5,8:09,3.4,14:14,1.4,20:11,3.6,,
10/01/2028,2:24,1.3,9:12,3.7,15:09,1.1,21:12,3.7,,
11/01/2028,3:28,1.1,10:05,4,15:59,0.9,22:09,3.9,,
12/01/2028,4:24,0.9,10:52,4.2,16:47,0.7,23:03,4.1,,
13/01/2028,5:14,0.7,11:36,4.5,17:34,0.5,23:53,4.3,,
14/01/2028,5:59,0.5,12:20,4.6,18:21,0.4,,,,
15/01/2028,0:41,4.3,6:43,0.5,13:03,4.6,19:08,0.5,,
16/01/2028,1:27,4.3,7:26,0.5,13:47,4.5,19:55,0.6,,
17/01/2028,2:12,4.2,8:09,0.7,14:33,4.3,20:43,0.8,,
18/01/2028,2:57,4,8:53,0.9,15:21,4,21:32,1,,
19/01/2028,3:44,3.8,9:44,1.2,16:15,3.7,22:25,1.2,,
20/01/2028,4:36,3.6,10:47,1.5,17:15,3.5,23:26,1.4,,
21/01/2028,5:41,3.4,12:10,1.6,18:23,3.4,,,,
22/01/2028,0:36,1.5,7:03,3.3,13:31,1.6,19:33,3.3,,
23/01/2028,1:51,1.5,8:24,3.4,14:35,1.5,20:40,3.4,,
24/01/2028,2:58,1.4,9:24,3.6,15:25,1.3,21:37,3.5,,
25/01/2028,3:52,1.3,10:10,3.8,16:07,1.2,22:25,3.6,,
26/01/2028,4:35,1.1,10:47,4,16:44,1.1,23:07,3.8,,
27/01/2028,5:12,1,11:22,4.1,17:18,1,23:44,3.9,,
28/01/2028,5:45,0.9,11:54,4.2,17:50,0.9,,,,
29/01/2028,0:18,3.9,6:15,0.8,12:26,4.2,18:21,0.9,,
30/01/2028,0:51,3.9,6:45,0.8,12:57,4.2,18:53,0.9,,
31/01/2028,1:22,3.9,7:14,0.9,13:29,4.1,19:26,1,,
1/02/2028,1:53,3.9,7:45,1,14:03,4,20:00,1,,
2/02/2028,2:25,3.8,8:18,1.1,14:39,3.8,20:38,1.2,,
3/02/2028,2:58,3.6,8:57,1.3,15:22,3.6,21:20,1.3,,
4/02/2028,3:38,3.5,9:48,1.5,16:13,3.5,22:10,1.4,,
5/02/2028,4:31,3.3,11:00,1.7,17:16,3.4,23:14,1.6,,
6/02/2028,5:53,3.2,12:31,1.7,18:29,3.3,,,,
7/02/2028,0:35,1.6,7:36,3.3,13:49,1.5,19:46,3.5,,
8/02/2028,2:03,1.4,8:53,3.6,14:51,1.2,20:56,3.7,,
9/02/2028,3:15,1.2,9:48,4,15:44,0.9,21:57,4,,
10/02/2028,4:11,0.9,10:36,4.3,16:32,0.6,22:51,4.2,,
11/02/2028,4:59,0.6,11:19,4.6,17:19,0.4,23:39,4.4,,
12/02/2028,5:43,0.4,12:02,4.7,18:04,0.3,,,,
13/02/2028,0:24,4.5,6:24,0.4,12:44,4.7,18:48,0.4,,
14/02/2028,1:06,4.5,7:04,0.4,13:25,4.5,19:31,0.5,,
15/02/2028,1:47,4.4,7:43,0.7,14:08,4.3,20:15,0.8,,
16/02/2028,2:28,4.1,8:24,0.9,14:53,4,20:59,1,,
17/02/2028,3:11,3.9,9:10,1.3,15:42,3.7,21:48,1.3,,
18/02/2028,3:59,3.6,10:10,1.6,16:40,3.4,22:46,1.5,,
19/02/2028,5:00,3.3,11:39,1.8,17:50,3.2,,,,
20/02/2028,0:02,1.7,6:29,3.2,13:09,1.8,19:09,3.2,,
21/02/2028,1:28,1.7,8:04,3.3,14:16,1.6,20:24,3.3,,
22/02/2028,2:40,1.6,9:06,3.5,15:06,1.4,21:23,3.4,,
23/02/2028,3:33,1.4,9:50,3.8,15:47,1.3,22:10,3.6,,
24/02/2028,4:15,1.2,10:26,4,16:23,1.1,22:48,3.8,,
25/02/2028,4:50,1,10:58,4.1,16:55,1,23:23,3.9,,
26/02/2028,5:20,0.9,11:29,4.2,17:25,0.9,23:55,4,,
27/02/2028,5:49,0.8,12:00,4.2,17:55,0.9,,,,
28/02/2028,0:25,4.1,6:17,0.8,12:30,4.2,18:25,0.8,,
29/02/2028,0:55,4.1,6:45,0.8,13:01,4.1,18:57,0.9,,
1/03/2028,1:24,4,7:15,0.9,13:34,4,19:30,1,,
2/03/2028,1:54,3.9,7:48,1.1,14:09,3.9,20:07,1.1,,
3/03/2028,2:26,3.8,8:26,1.3,14:51,3.7,20:48,1.3,,
4/03/2028,3:04,3.6,9:16,1.5,15:42,3.5,21:38,1.4,,
5/03/2028,3:56,3.4,10:30,1.6,16:47,3.4,22:44,1.6,,
6/03/2028,5:20,3.3,12:07,1.7,18:06,3.3,,,,
7/03/2028,0:13,1.6,7:11,3.3,13:28,1.4,19:28,3.5,,
8/03/2028,1:46,1.5,8:30,3.7,14:30,1.1,20:40,3.7,,
9/03/2028,2:57,1.2,9:26,4,15:23,0.8,21:40,4,,
10/03/2028,3:51,0.8,10:13,4.4,16:12,0.6,22:32,4.3,,
11/03/2028,4:38,0.6,10:57,4.6,16:58,0.4,23:18,4.5,,
12/03/2028,5:20,0.4,11:39,4.7,17:42,0.4,,,,
13/03/2028,0:01,4.6,6:01,0.4,12:20,4.6,18:24,0.4,,
14/03/2028,0:42,4.6,6:39,0.5,13:01,4.5,19:06,0.6,,
15/03/2028,1:21,4.4,7:17,0.7,13:43,4.2,19:48,0.8,,
16/03/2028,2:01,4.2,7:57,1,14:27,3.9,20:31,1.1,,
17/03/2028,2:41,3.9,8:41,1.3,15:15,3.6,21:17,1.4,,
18/03/2028,3:27,3.6,9:40,1.6,16:12,3.3,22:14,1.6,,
19/03/2028,4:26,3.3,11:08,1.8,17:21,3.2,23:28,1.8,,
20/03/2028,5:51,3.2,12:38,1.8,18:40,3.2,,,,
21/03/2028,0:55,1.8,7:27,3.3,13:44,1.7,19:56,3.3,,
22/03/2028,2:08,1.6,8:32,3.5,14:34,1.5,20:56,3.4,,
23/03/2028,3:02,1.4,9:17,3.7,15:15,1.3,21:42,3.6,,
24/03/2028,3:44,1.2,9:53,3.9,15:51,1.1,22:20,3.8,,
25/03/2028,4:18,1.1,10:26,4,16:24,1,22:54,4,,
26/03/2028,4:50,0.9,10:58,4.1,16:55,0.9,23:26,4.1,,
27/03/2028,5:19,0.8,11:29,4.2,17:26,0.9,23:57,4.1,,
28/03/2028,5:48,0.8,12:01,4.2,17:58,0.8,,,,
29/03/2028,0:28,4.1,6:18,0.8,12:34,4.1,18:31,0.9,,
30/03/2028,0:58,4.1,6:50,0.9,13:09,4,19:06,1,,
31/03/2028,1:30,4,7:25,1,13:47,3.9,19:45,1.1,,
1/04/2028,2:05,3.8,8:08,1.2,14:33,3.7,20:29,1.2,,
2/04/2028,2:48,3.7,8:03,1.4,14:28,3.5,20:23,1.4,,
3/04/2028,2:45,3.5,9:20,1.6,15:35,3.4,21:32,1.6,,
4/04/2028,4:09,3.4,10:49,1.5,16:52,3.4,22:59,1.6,,
5/04/2028,5:46,3.5,12:04,1.3,18:09,3.6,,,,
6/04/2028,0:25,1.4,7:01,3.8,13:05,1.1,19:19,3.8,,
7/04/2028,1:32,1.1,7:57,4.1,13:58,0.8,20:17,4.1,,
8/04/2028,2:26,0.8,8:46,4.3,14:46,0.6,21:08,4.3,,
9/04/2028,3:13,0.6,9:30,4.5,15:33,0.5,21:54,4.5,,
10/04/2028,3:55,0.5,10:13,4.5,16:17,0.5,22:37,4.5,,
11/04/2028,4:36,0.5,10:55,4.4,17:01,0.6,23:18,4.5,,
12/04/2028,5:14,0.6,11:37,4.3,17:43,0.7,23:57,4.3,,
13/04/2028,5:53,0.8,12:19,4,18:24,0.9,,,,
14/04/2028,0:36,4.1,6:33,1.1,13:04,3.8,19:07,1.1,,
15/04/2028,1:17,3.9,7:18,1.3,13:52,3.6,19:53,1.4,,
16/04/2028,2:02,3.6,8:15,1.6,14:47,3.4,20:46,1.6,,
17/04/2028,2:57,3.4,9:31,1.7,15:51,3.2,21:52,1.7,,
18/04/2028,4:10,3.3,10:51,1.7,17:01,3.2,23:09,1.7,,
19/04/2028,5:32,3.3,11:56,1.6,18:12,3.3,,,,
20/04/2028,0:21,1.7,6:40,3.4,12:48,1.5,19:13,3.4,,
21/04/2028,1:18,1.5,7:30,3.6,13:32,1.4,20:02,3.6,,
22/04/2028,2:03,1.3,8:10,3.8,14:10,1.2,20:44,3.8,,
23/04/2028,2:41,1.1,8:47,3.9,14:47,1.1,21:21,3.9,,
24/04/2028,3:15,1,9:22,4,15:22,1,21:56,4.1,,
25/04/2028,3:48,0.9,9:57,4.1,15:57,0.9,22:30,4.1,,
26/04/2028,4:21,0.8,10:33,4.1,16:33,0.9,23:03,4.2,,
27/04/2028,4:55,0.8,11:10,4.1,17:11,0.9,23:38,4.1,,
28/04/2028,5:31,0.9,11:50,4,17:51,1,,,,
29/04/2028,0:15,4.1,6:12,1,12:35,3.8,18:34,1.1,,
30/04/2028,0:55,3.9,7:01,1.2,13:25,3.7,19:22,1.2,,
1/05/2028,1:43,3.8,8:00,1.3,14:22,3.6,20:17,1.3,,
2/05/2028,2:43,3.6,9:12,1.4,15:26,3.6,21:24,1.4,,
3/05/2028,3:58,3.6,10:27,1.3,16:35,3.6,22:41,1.4,,
4/05/2028,5:18,3.6,11:35,1.2,17:45,3.7,23:58,1.3,,
5/05/2028,6:27,3.8,12:34,1,18:51,3.8,,,,
6/05/2028,1:04,1.1,7:25,4,13:29,0.9,19:51,4,,
7/05/2028,1:59,0.9,8:15,4.1,14:20,0.8,20:43,4.2,,
8/05/2028,2:48,0.8,9:02,4.2,15:08,0.7,21:31,4.3,,
9/05/2028,3:32,0.7,9:47,4.2,15:55,0.7,22:15,4.4,,
10/05/2028,4:13,0.7,10:31,4.2,16:40,0.8,22:56,4.3,,
11/05/2028,4:53,0.8,11:15,4,17:23,0.9,23:35,4.2,,
12/05/2028,5:32,0.9,11:59,3.9,18:04,1,,,,
13/05/2028,0:15,4.1,6:13,1.1,12:44,3.7,18:46,1.1,,
14/05/2028,0:55,3.9,6:57,1.3,13:31,3.6,19:29,1.3,,
15/05/2028,1:38,3.7,7:48,1.4,14:21,3.4,20:16,1.5,,
16/05/2028,2:28,3.6,8:47,1.6,15:14,3.3,21:10,1.6,,
17/05/2028,3:26,3.4,9:52,1.6,16:13,3.3,22:14,1.7,,
18/05/2028,4:33,3.4,10:53,1.6,17:15,3.3,23:23,1.7,,
19/05/2028,5:37,3.4,11:48,1.5,18:17,3.4,,,,
20/05/2028,0:26,1.6,6:33,3.5,12:37,1.4,19:14,3.5,,
21/05/2028,1:17,1.4,7:20,3.6,13:22,1.3,20:03,3.7,,
22/05/2028,2:01,1.3,8:03,3.8,14:06,1.2,20:46,3.8,,
23/05/2028,2:41,1.1,8:45,3.9,14:48,1.1,21:26,4,,
24/05/2028,3:19,1,9:26,4,15:31,1,22:05,4.1,,
25/05/2028,3:57,0.9,10:08,4,16:14,0.9,22:44,4.2,,
26/05/2028,4:37,0.8,10:52,4,16:57,0.9,23:23,4.2,,
27/05/2028,5:19,0.8,11:39,4,17:41,0.9,,,,
28/05/2028,0:04,4.2,6:05,0.9,12:28,3.9,18:27,1,,
29/05/2028,0:48,4.1,6:56,1,13:19,3.9,19:15,1,,
30/05/2028,1:38,4,7:54,1.1,14:13,3.8,20:08,1.2,,
31/05/2028,2:35,3.9,8:56,1.1,15:10,3.7,21:08,1.3,,
1/06/2028,3:39,3.8,9:59,1.2,16:10,3.7,22:16,1.3,,
2/06/2028,4:47,3.7,11:02,1.1,17:15,3.7,23:29,1.3,,
3/06/2028,5:52,3.8,12:02,1.1,18:21,3.7,,,,
4/06/2028,0:37,1.2,6:52,3.8,13:00,1.1,19:25,3.8,,
5/06/2028,1:36,1.1,7:47,3.9,13:56,1,20:22,4,,
6/06/2028,2:27,1,8:38,3.9,14:48,1,21:12,4.1,,
7/06/2028,3:12,0.9,9:27,3.9,15:38,0.9,21:56,4.2,,
8/06/2028,3:55,0.9,10:13,3.9,16:23,0.9,22:37,4.2,,
9/06/2028,4:35,0.9,10:58,3.9,17:05,0.9,23:16,4.2,,
10/06/2028,5:14,1,11:41,3.8,17:45,1,23:54,4.1,,
11/06/2028,5:53,1.1,12:24,3.7,18:23,1.1,,,,
12/06/2028,0:32,4,6:33,1.2,13:06,3.7,19:01,1.2,,
13/06/2028,1:12,3.9,7:16,1.3,13:49,3.6,19:41,1.3,,
14/06/2028,1:55,3.7,8:03,1.4,14:33,3.5,20:26,1.4,,
15/06/2028,2:43,3.6,8:53,1.4,15:20,3.4,21:18,1.6,,
16/06/2028,3:37,3.5,9:46,1.5,16:13,3.3,22:20,1.6,,
17/06/2028,4:36,3.4,10:40,1.5,17:14,3.3,23:28,1.6,,
18/06/2028,5:34,3.4,11:36,1.5,18:19,3.4,,,,
19/06/2028,0:30,1.5,6:29,3.5,12:31,1.4,19:20,3.5,,
20/06/2028,1:23,1.4,7:21,3.6,13:26,1.3,20:14,3.7,,
21/06/2028,2:10,1.2,8:11,3.7,14:20,1.2,21:01,3.9,,
22/06/2028,2:55,1,9:00,3.8,15:11,1,21:45,4.1,,
23/06/2028,3:38,0.8,9:50,3.9,15:59,0.9,22:27,4.2,,
24/06/2028,4:22,0.7,10:39,4,16:46,0.8,23:09,4.3,,
25/06/2028,5:08,0.7,11:29,4.1,17:31,0.7,23:52,4.4,,
26/06/2028,5:55,0.7,12:17,4.1,18:16,0.7,,,,
27/06/2028,0:37,4.3,6:45,0.7,13:06,4.1,19:02,0.8,,
28/06/2028,1:25,4.2,7:37,0.8,13:55,4,19:50,1,,
29/06/2028,2:17,4,8:31,0.9,14:46,3.9,20:44,1.1,,
30/06/2028,3:14,3.9,9:28,1.1,15:40,3.7,21:47,1.3,,
1/07/2028,4:15,3.7,10:28,1.2,16:42,3.6,23:01,1.4,,
2/07/2028,5:20,3.6,11:30,1.3,17:52,3.6,,,,
3/07/2028,0:15,1.4,6:24,3.6,12:35,1.3,19:04,3.6,,
4/07/2028,1:19,1.3,7:25,3.6,13:38,1.2,20:06,3.8,,
5/07/2028,2:12,1.2,8:21,3.7,14:35,1.2,20:58,3.9,,
6/07/2028,2:58,1.1,9:13,3.7,15:25,1.1,21:42,4,,
7/07/2028,3:40,1,10:00,3.8,16:09,1,22:21,4.1,,
8/07/2028,4:18,1,10:43,3.8,16:47,0.9,22:57,4.2,,
9/07/2028,4:54,0.9,11:23,3.8,17:22,0.9,23:32,4.2,,
10/07/2028,5:30,1,12:01,3.8,17:56,0.9,,,,
11/07/2028,0:07,4.1,6:05,1,12:37,3.8,18:29,1,,
12/07/2028,0:43,4,6:42,1.1,13:13,3.7,19:04,1.1,,
13/07/2028,1:20,3.8,7:20,1.2,13:50,3.6,19:41,1.3,,
14/07/2028,2:01,3.7,8:02,1.3,14:29,3.5,20:25,1.4,,
15/07/2028,2:47,3.5,8:47,1.4,15:14,3.4,21:20,1.6,,
16/07/2028,3:40,3.4,9:39,1.5,16:09,3.3,22:30,1.7,,
17/07/2028,4:40,3.4,10:38,1.5,17:21,3.2,23:45,1.6,,
18/07/2028,5:42,3.4,11:44,1.5,18:39,3.3,,,,
19/07/2028,0:51,1.5,6:45,3.5,12:54,1.4,19:46,3.6,,
20/07/2028,1:46,1.2,7:45,3.6,13:59,1.2,20:39,3.8,,
21/07/2028,2:35,1,8:42,3.8,14:55,1,21:26,4.1,,
22/07/2028,3:22,0.7,9:36,4,15:45,0.8,22:10,4.4,,
23/07/2028,4:07,0.6,10:26,4.2,16:31,0.6,22:53,4.5,,
24/07/2028,4:53,0.5,11:14,4.3,17:15,0.5,23:35,4.5,,
25/07/2028,5:39,0.4,12:00,4.3,17:57,0.5,,,,
26/07/2028,0:19,4.5,6:25,0.5,12:45,4.3,18:40,0.6,,
27/07/2028,1:04,4.3,7:13,0.7,13:30,4.1,19:25,0.8,,
28/07/2028,1:53,4.1,8:02,0.9,14:17,3.9,20:15,1.1,,
29/07/2028,2:45,3.8,8:55,1.1,15:08,3.7,21:16,1.4,,
30/07/2028,3:45,3.6,9:54,1.3,16:09,3.5,22:36,1.5,,
31/07/2028,4:51,3.4,11:03,1.4,17:26,3.4,,,,
1/08/2028,0:00,1.5,6:02,3.3,12:17,1.5,18:49,3.4,,
2/08/2028,1:07,1.4,7:11,3.4,13:27,1.4,19:55,3.6,,
3/08/2028,2:00,1.3,8:11,3.5,14:24,1.2,20:45,3.8,,
4/08/2028,2:45,1.1,9:02,3.6,15:11,1.1,21:25,4,,
5/08/2028,3:23,1,9:46,3.8,15:50,0.9,22:01,4.1,,
6/08/2028,3:59,0.9,10:25,3.9,16:25,0.9,22:35,4.2,,
7/08/2028,4:31,0.9,11:00,3.9,16:57,0.8,23:07,4.2,,
8/08/2028,5:03,0.8,11:34,3.9,17:27,0.8,23:39,4.1,,
9/08/2028,5:35,0.9,12:06,3.9,17:57,0.9,,,,
10/08/2028,0:12,4,6:08,0.9,12:38,3.8,18:28,1,,
11/08/2028,0:45,3.9,6:42,1,13:10,3.7,19:01,1.1,,
12/08/2028,1:22,3.8,7:20,1.1,13:44,3.6,19:40,1.3,,
13/08/2028,2:04,3.6,8:01,1.3,14:23,3.4,20:30,1.5,,
14/08/2028,2:54,3.4,8:50,1.4,15:13,3.3,21:40,1.6,,
15/08/2028,3:55,3.3,9:51,1.5,16:28,3.2,23:08,1.7,,
16/08/2028,5:05,3.3,11:07,1.6,18:04,3.3,,,,
17/08/2028,0:25,1.5,6:18,3.4,12:30,1.5,19:22,3.5,,
18/08/2028,1:24,1.2,7:26,3.6,13:41,1.2,20:18,3.9,,
19/08/2028,2:16,0.9,8:26,3.8,14:38,0.9,21:06,4.2,,
20/08/2028,3:03,0.6,9:20,4.1,15:27,0.6,21:49,4.5,,
21/08/2028,3:48,0.4,10:08,4.3,16:11,0.4,22:32,4.6,,
22/08/2028,4:33,0.3,10:54,4.5,16:53,0.3,23:14,4.7,,
23/08/2028,5:17,0.3,11:38,4.5,17:35,0.4,23:56,4.5,,
24/08/2028,6:02,0.4,12:21,4.4,18:16,0.5,,,,
25/08/2028,0:40,4.3,6:47,0.6,13:03,4.2,18:58,0.8,,
26/08/2028,1:27,4,7:33,0.9,13:48,3.9,19:46,1.1,,
27/08/2028,2:18,3.7,8:24,1.1,14:37,3.6,20:47,1.4,,
28/08/2028,3:17,3.4,9:24,1.4,15:38,3.4,22:15,1.6,,
29/08/2028,4:27,3.2,10:38,1.6,17:00,3.2,23:45,1.6,,
30/08/2028,5:45,3.2,12:00,1.6,18:32,3.3,,,,
31/08/2028,0:52,1.5,6:58,3.3,13:12,1.5,19:38,3.5,,
1/09/2028,1:43,1.3,7:58,3.4,14:07,1.3,20:25,3.8,,
2/09/2028,2:25,1.1,8:46,3.6,14:50,1.1,21:02,3.9,,
3/09/2028,3:01,1,9:26,3.8,15:27,0.9,21:36,4.1,,
4/09/2028,3:34,0.9,10:02,3.9,15:59,0.8,22:08,4.2,,
5/09/2028,4:05,0.8,10:34,4,16:28,0.7,22:39,4.2,,
6/09/2028,4:35,0.8,11:06,4,16:57,0.7,23:09,4.2,,
7/09/2028,5:05,0.8,11:36,4,17:26,0.8,23:41,4.1,,
8/09/2028,5:37,0.8,12:06,4,17:56,0.9,,,,
9/09/2028,0:13,3.9,6:10,0.9,12:37,3.8,18:28,1,,
10/09/2028,0:49,3.8,6:46,1,13:09,3.7,19:06,1.2,,
11/09/2028,1:30,3.6,7:27,1.2,13:47,3.5,19:55,1.4,,
12/09/2028,2:21,3.4,8:16,1.4,14:37,3.3,21:06,1.6,,
13/09/2028,3:24,3.3,9:19,1.5,15:53,3.2,22:39,1.6,,
14/09/2028,4:40,3.2,10:42,1.6,17:35,3.3,,,,
15/09/2028,0:00,1.4,5:57,3.4,12:10,1.4,18:56,3.6,,
16/09/2028,1:01,1.1,7:08,3.6,13:21,1.1,19:53,3.9,,
17/09/2028,1:53,0.8,8:08,3.9,14:17,0.8,20:41,4.3,,
18/09/2028,2:40,0.5,9:00,4.2,15:05,0.5,21:25,4.5,,
19/09/2028,3:26,0.3,9:47,4.5,15:49,0.3,22:08,4.6,,
20/09/2028,4:11,0.2,10:32,4.6,16:30,0.3,22:50,4.6,,
21/09/2028,4:55,0.3,11:15,4.6,17:11,0.3,23:33,4.5,,
22/09/2028,5:38,0.4,11:56,4.4,17:51,0.5,,,,
23/09/2028,0:16,4.2,6:22,0.6,12:38,4.2,18:33,0.8,,
24/09/2028,1:02,3.9,8:08,0.9,14:21,3.9,20:21,1.2,,
25/09/2028,2:53,3.6,8:57,1.2,15:09,3.6,21:21,1.5,,
26/09/2028,3:53,3.3,9:56,1.4,16:08,3.4,22:49,1.6,,
27/09/2028,5:03,3.2,11:09,1.6,17:29,3.2,,,,
28/09/2028,0:18,1.6,6:21,3.1,12:31,1.6,19:00,3.3,,
29/09/2028,1:24,1.5,7:34,3.2,13:43,1.5,20:06,3.5,,
30/09/2028,2:14,1.3,8:33,3.4,14:38,1.3,20:53,3.7,,
1/10/2028,2:56,1.2,9:20,3.6,15:21,1.1,21:31,3.9,,
2/10/2028,3:32,1,9:59,3.8,15:57,0.9,22:05,4,,
3/10/2028,4:05,0.9,10:34,3.9,16:30,0.8,22:37,4.1,,
4/10/2028,4:37,0.8,11:07,4,17:00,0.7,23:09,4.1,,
5/10/2028,5:07,0.7,11:39,4.1,17:29,0.7,23:40,4.1,,
6/10/2028,5:39,0.7,12:09,4.1,17:59,0.7,,,,
7/10/2028,0:13,4,6:11,0.8,12:40,4,18:30,0.8,,
8/10/2028,0:47,3.9,6:46,0.9,13:12,3.9,19:05,1,,
9/10/2028,1:25,3.8,7:24,1,13:46,3.8,19:46,1.1,,
10/10/2028,2:09,3.6,8:06,1.1,14:27,3.6,20:37,1.3,,
11/10/2028,3:01,3.4,8:57,1.3,15:19,3.5,21:47,1.5,,
12/10/2028,4:06,3.3,10:01,1.4,16:34,3.3,23:14,1.5,,
13/10/2028,5:19,3.3,11:21,1.5,18:06,3.4,,,,
14/10/2028,0:31,1.3,6:35,3.4,12:45,1.4,19:24,3.6,,
15/10/2028,1:33,1,7:44,3.7,13:56,1.1,20:23,3.9,,
16/10/2028,2:26,0.8,8:44,4,14:52,0.8,21:13,4.2,,
17/10/2028,3:16,0.5,9:37,4.2,15:41,0.6,21:59,4.4,,
18/10/2028,4:03,0.4,10:25,4.4,16:26,0.4,22:44,4.5,,
19/10/2028,4:49,0.3,11:10,4.5,17:09,0.4,23:27,4.4,,
20/10/2028,5:34,0.4,11:53,4.5,17:50,0.5,,,,
21/10/2028,0:11,4.3,6:19,0.5,12:35,4.4,18:31,0.6,,
22/10/2028,0:56,4.1,7:03,0.7,13:16,4.2,19:13,0.9,,
23/10/2028,1:42,3.8,7:47,0.9,13:59,4,20:00,1.2,,
24/10/2028,2:32,3.6,8:34,1.2,14:45,3.7,20:57,1.4,,
25/10/2028,3:28,3.4,9:28,1.4,15:40,3.5,22:10,1.6,,
26/10/2028,4:31,3.2,10:32,1.5,16:49,3.3,23:31,1.6,,
27/10/2028,5:41,3.2,11:46,1.6,18:08,3.3,,,,
28/10/2028,0:37,1.5,6:51,3.2,12:59,1.6,19:17,3.4,,
29/10/2028,1:31,1.4,7:53,3.3,13:58,1.4,20:09,3.6,,
30/10/2028,2:16,1.3,8:44,3.5,14:45,1.2,20:51,3.7,,
31/10/2028,2:56,1.1,9:27,3.7,15:24,1.1,21:29,3.9,,
1/11/2028,3:32,1,10:05,3.9,15:59,0.9,22:04,4,,
2/11/2028,4:07,0.9,10:40,4,16:32,0.8,22:39,4,,
3/11/2028,4:42,0.8,11:14,4.1,17:05,0.8,23:14,4,,
4/11/2028,5:17,0.8,11:47,4.1,17:38,0.8,23:51,4,,
5/11/2028,5:53,0.8,12:21,4.1,18:13,0.8,,,,
6/11/2028,0:30,3.9,6:31,0.8,12:56,4,18:51,0.9,,
7/11/2028,1:12,3.8,7:11,0.9,13:34,3.9,19:36,1,,
8/11/2028,1:58,3.7,7:55,1,14:17,3.8,20:29,1.2,,
9/11/2028,2:51,3.6,8:46,1.2,15:10,3.7,21:33,1.3,,
10/11/2028,3:50,3.5,9:45,1.3,16:18,3.6,22:46,1.3,,
11/11/2028,4:56,3.5,10:56,1.4,17:35,3.6,23:56,1.2,,
12/11/2028,6:05,3.5,12:15,1.3,18:48,3.7,,,,
13/11/2028,0:59,1,7:14,3.7,13:27,1.1,19:50,3.9,,
14/11/2028,1:57,0.9,8:18,3.9,14:28,0.9,20:45,4.1,,
15/11/2028,2:51,0.7,9:15,4.1,15:20,0.7,21:35,4.2,,
16/11/2028,3:43,0.6,10:06,4.3,16:07,0.6,22:22,4.2,,
17/11/2028,4:32,0.6,10:53,4.4,16:52,0.6,23:09,4.2,,
18/11/2028,5:19,0.6,11:36,4.4,17:34,0.6,23:55,4.1,,
19/11/2028,6:04,0.6,12:18,4.3,18:15,0.8,,,,
20/11/2028,0:40,4,6:47,0.8,12:58,4.2,18:57,0.9,,
21/11/2028,1:26,3.8,7:29,0.9,13:39,4,19:41,1.1,,
22/11/2028,2:12,3.6,8:11,1.1,14:22,3.8,20:30,1.3,,
23/11/2028,3:01,3.5,8:57,1.3,15:09,3.6,21:25,1.4,,
24/11/2028,3:52,3.3,9:48,1.4,16:05,3.5,22:27,1.5,,
25/11/2028,4:49,3.2,10:49,1.6,17:08,3.4,23:30,1.5,,
26/11/2028,5:51,3.2,11:59,1.6,18:14,3.4,,,,
27/11/2028,0:29,1.5,6:57,3.3,13:06,1.5,19:13,3.4,,
28/11/2028,1:22,1.4,7:58,3.4,14:02,1.4,20:04,3.5,,
29/11/2028,2:11,1.3,8:51,3.5,14:49,1.3,20:49,3.7,,
30/11/2028,2:56,1.2,9:36,3.7,15:30,1.1,21:31,3.8,,
1/12/2028,3:39,1.1,10:16,3.9,16:07,1,22:12,3.9,,
2/12/2028,4:20,1,10:53,4,16:44,0.9,22:53,3.9,,
3/12/2028,5:01,0.9,11:30,4.1,17:22,0.8,23:35,4,,
4/12/2028,5:41,0.8,12:07,4.2,18:01,0.8,,,,
5/12/2028,0:19,4,6:22,0.8,12:45,4.2,18:43,0.8,,
6/12/2028,1:04,3.9,7:03,0.8,13:25,4.1,19:29,0.9,,
7/12/2028,1:50,3.9,7:47,0.9,14:09,4,20:19,0.9,,
8/12/2028,2:39,3.8,8:33,1,14:59,3.9,21:15,1,,
9/12/2028,3:32,3.7,9:26,1.1,15:57,3.8,22:16,1.1,,
10/12/2028,4:29,3.7,10:28,1.2,17:03,3.7,23:19,1.1,,
11/12/2028,5:32,3.6,11:42,1.3,18:12,3.7,,,,
12/12/2028,0:24,1.1,6:42,3.6,12:58,1.3,19:18,3.7,,
13/12/2028,1:28,1.1,7:53,3.7,14:06,1.2,20:19,3.8,,
14/12/2028,2:30,1,8:57,3.9,15:04,1,21:15,3.9,,
15/12/2028,3:28,0.9,9:52,4,15:54,0.9,22:08,3.9,,
16/12/2028,4:21,0.8,10:40,4.2,16:40,0.8,22:57,4,,
17/12/2028,5:09,0.8,11:23,4.3,17:22,0.8,23:43,4,,
18/12/2028,5:52,0.7,12:03,4.3,18:02,0.8,,,,
19/12/2028,0:27,3.9,6:32,0.8,12:42,4.2,18:41,0.9,,
20/12/2028,1:09,3.9,7:09,0.8,13:19,4.1,19:20,1,,
21/12/2028,1:50,3.8,7:46,1,13:58,4,20:00,1.1,,
22/12/2028,2:30,3.7,8:23,1.1,14:38,3.8,20:43,1.2,,
23/12/2028,3:11,3.5,9:04,1.3,15:22,3.6,21:29,1.4,,
24/12/2028,3:55,3.4,9:51,1.5,16:13,3.5,22:19,1.5,,
25/12/2028,4:46,3.3,10:50,1.6,17:10,3.4,23:14,1.5,,
26/12/2028,5:47,3.2,12:02,1.7,18:10,3.3,,,,
27/12/2028,0:14,1.6,6:59,3.2,13:13,1.6,19:10,3.4,,
28/12/2028,1:16,1.5,8:09,3.3,14:12,1.5,20:07,3.5,,
29/12/2028,2:17,1.4,9:06,3.5,15:01,1.3,20:59,3.6,,
30/12/2028,3:13,1.3,9:53,3.7,15:45,1.1,21:49,3.7,,
31/12/2028,4:03,1.1,10:35,4,16:27,0.9,22:37,3.9,,
